Unnamed: 0,MathScore
384002,116.97542232504132
1118072,73.38756035199745
845454,0.0
1728613,0.0
1083243,113.75071762700576
1126877,209.15454450987627
1725954,0.0
142970,125.72868522011244
1639308,241.94494887578256
666434,0.0
1037747,143.10574098044165
1401940,0.0
89547,172.67800438458482
370550,81.69712035399711
1258895,0.0
446574,145.71088132401218
889795,0.0
792253,36.693780175998725
1049415,220.16267843144868
1608574,16.97859340956519
269762,0.0
853975,0.0
1165208,506.374160392332
1591564,127.33944677672766
1002070,0.0
1642306,0.0
831189,0.0
974821,0.0
168015,217.2400700322196
839943,198.1464105883038
1325164,76.40366806603659
1673231,0.0
1538979,0.0
1024414,0.0
1290203,0.0
325898,0.0
1575859,135.8287442405125
411557,111.0675727126655
200113,40.84856017699856
1150175,0.0
1413789,0.0
1078687,110.08133921572434
721641,0.0
12705,56.12698268475905
1691816,0.0
1334447,178.2752254874187
389610,0.0
980121,271.53397094030123
1599689,0.0
1240212,178.2752254874187
1459655,25.46788935534553
1177954,110.08133921572434
823311,0.0
1217029,0.0
889587,0.0
1213238,231.17081235302112
19680,51.989076588907245
1328896,152.80733613207315
11334,105.58171235831652
162053,29.708043765089855
1127818,242.1789462745936
1385849,0.0
283123,12.997269147226811
804549,22.016267843144867
1069537,0.0
1553886,483.8898977515651
1639935,0.0
126444,111.405164119087
1581319,229.21100419810975
192389,44.56206564763479
1338538,348.0611550290571
410182,77.98361488336089
231756,72.83534593543338
13288,116.97542232504132
1536754,0.0
526981,157.84809617392713
695828,205.48516741086664
737541,0.0
624417,0.0
363980,136.89331530390837
725964,0.0
371469,0.0
903952,22.016267843144867
1197549,176.1301427451589
623327,0.0
483362,167.10774617863046
1445404,0.0
1726420,0.0
1288769,84.89296552982144
1697972,0.0
798554,0.0
1600973,0.0
757307,0.0
923220,0.0
1361347,0.0
923061,0.0
33696,0.0
1666807,229.21100419810975
888323,0.0
1522684,0.0
436403,44.82731603839452
964638,0.0
241036,18.567527353181163
1448553,0.0
815072,220.16267843144868
1463078,0.0
1230485,139.43636388143204
409745,90.98088403058772
1366209,101.87155742138212
1435406,0.0
222006,196.81578994372032
554189,38.99180744168044
902619,0.0
898107,22.016267843144867
402932,44.56206564763479
949357,110.08133921572434
1346884,0.0
26221,241.3778555913551
652675,0.0
371654,12.997269147226811
1045413,0.0
449584,116.98747916098498
1468427,229.21100419810975
753183,0.0
369306,69.51971605093674
1061624,0.0
1468974,212.2324123065491
1028148,337.58277446973585
482846,133.6861969429044
1055658,132.09760705886922
1721097,110.36085488516696
1629745,288.6360803725857
563977,196.0730888495931
206145,176.6567602459808
556883,116.97542232504132
1019767,0.0
869898,0.0
246735,89.86683238939682
172672,131.57625065277014
952690,0.0
1274518,0.0
210751,109.54841138376884
1490902,0.0
1083725,0.0
1480934,0.0
1651521,356.5504509748374
1105225,0.0
937281,0.0
1196754,440.32535686289737
450733,59.41608753017972
518568,159.680735237358
1744992,212.2324123065491
750551,139.43636388143204
1048322,0.0
1558589,229.21100419810975
60558,53.84582932422537
1195277,0.0
724374,0.0
48325,83.55387308931523
694987,0.0
222341,209.61854213772327
146586,129.97269147226817
242805,112.75552974477289
790049,528.3904282354769
1305181,343.81650629716466
299604,120.68892779567754
378684,142.96996061949494
748422,183.4688995677218
413133,22.281032823817394
1741859,0.0
859355,0.0
1530382,50.93577871069106
1422795,0.0
1365539,89.13761274370935
571599,159.680735237358
1221865,308.2277498040282
1256077,0.0
726745,0.0
1035716,44.03253568628973
504123,38.99180744168044
428108,122.9170310780593
619153,0.0
1712889,0.0
204469,141.11320788417686
1283661,101.87155742138212
780185,0.0
989466,0.0
1144874,0.0
1473225,101.87155742138212
618370,70.55660394208842
517852,103.97815317781448
422953,133.6861969429044
493607,150.3969715607674
1681144,0.0
833794,0.0
1239323,101.87155742138212
696059,231.17081235302112
1249793,0.0
1513848,152.80733613207315
961741,0.0
637175,58.71004801914359
238093,108.43435974257798
1376891,0.0
1671776,0.0
443229,75.28288363198908
228330,44.986466272850365
1128915,374.2765533334628
489528,124.4024332663138
1667605,0.0
726000,0.0
127200,94.44119594640782
33847,120.68892779567754
1000158,88.06507137257947
1394626,0.0
1533308,0.0
55467,64.01376097001506
310704,40.84856017699856
1616826,0.0
756941,352.26028549031787
509595,70.5566039420884
505549,162.651539613867
691017,0.0
21706,100.26464770717828
1750175,0.0
1303322,0.0
524295,102.1214004424964
1137124,418.30908901975255
1107151,0.0
572815,100.26464770717828
355821,98.80577055799976
1287447,118.85015083094731
173859,131.21052662914687
473870,102.1214004424964
1190891,0.0
1120146,0.0
1591453,0.0
1330663,0.0
1606539,0.0
257746,107.69165864845074
640642,0.0
112785,103.23545208368724
1412540,0.0
1560038,0.0
772293,14.677512332853851
158644,33.4215492357261
1223401,0.0
217720,111.405164119087
879548,0.0
1546245,0.0
1481506,0.0
1589232,0.0
1449973,331.0825616194919
1270301,0.0
553683,133.3486055364829
778920,176.1301427451589
1458566,611.2293445282927
1072026,0.0
532491,181.96176806117535
609976,94.69438950122392
1022357,0.0
93218,254.37512473858192
1685680,76.40366806603659
155140,40.84856017699856
408020,100.26464770717828
1675161,0.0
110556,14.854021882544927
1731011,0.0
579150,98.40789497186016
660731,495.3660264707596
928859,440.32535686289737
1653945,0.0
1754096,0.0
841126,51.37129250885258
904675,0.0
122844,118.5669246695997
1265843,0.0
514826,125.64026842319254
140703,142.96996061949494
524860,178.24826259053916
1634739,101.87155742138212
1319622,101.87155742138212
1372598,0.0
1439347,382.018340330183
787756,183.4688995677218
261831,77.98361488336087
650738,66.04880352943461
975431,190.8076550780128
686998,0.0
1436214,0.0
719154,176.1301427451589
569701,131.56419381682653
1581197,0.0
1457430,63.66972338836383
383416,177.50556149641193
301275,163.05664930157275
804802,0.0
247247,48.275571118271024
369832,104.1348920450816
613201,64.22676507168575
367530,185.67527353181163
1485870,50.93577871069106
561858,63.12959300081595
1157996,0.0
502392,0.0
1314641,0.0
1485483,0.0
1651409,0.0
972509,359.5990423128808
1655584,0.0
640358,0.0
1187041,0.0
862760,0.0
1065682,264.19521411773843
973782,0.0
1519615,50.93577871069106
1571492,0.0
397364,72.41335667740654
1594932,0.0
1603971,0.0
1010046,0.0
1547703,0.0
261464,124.4024332663138
557677,181.96176850385973
289013,14.854021882544927
1266469,0.0
553910,22.281032823817394
1673781,297.125376318366
441554,83.55387308931523
20306,0.0
1495326,0.0
422147,111.405164119087
215687,61.27284026549784
769878,44.03253568628973
1334835,0.0
229478,200.27610185954043
138847,133.10746881761042
557104,178.24826259053916
527825,224.6670809734921
571652,81.44392679918101
807593,0.0
19727,82.62549672165616
888683,0.0
1714615,182.51987421931116
1424264,0.0
1717151,0.0
1292793,0.0
1492880,152.80733613207315
637188,278.87272645059227
647123,0.0
1120652,0.0
1523332,101.87155742138212
1285465,25.46788935534553
1419980,229.21100419810975
1640776,0.0
1379516,0.0
867342,242.1789462745936
547750,95.62276586888298
125945,61.27284026549784
203882,53.84582932422537
79986,22.281032823817394
1580624,0.0
1139145,528.3904282354769
104598,89.12413129526958
880547,0.0
1571992,127.33944677672766
687807,0.0
725741,176.1301427451589
1717418,0.0
280370,67.10834886221193
581400,153.49155945296428
480635,89.12413129526958
764503,0.0
1279933,0.0
265318,138.99120475809897
1471634,0.0
877032,0.0
798098,0.0
1192630,0.0
840918,484.3578925491872
1081825,0.0
179442,174.5347571199029
424145,74.27010941272465
1542051,445.6880637185468
1121073,0.0
1444152,288.6360803725857
492629,100.26464770717828
1261405,178.2752254874187
1254948,0.0
580100,126.2591860016319
35902,85.90013336394449
318665,108.06300919551435
1037511,154.1138749020141
1177119,0.0
701700,528.3904282354769
1329451,0.0
227852,159.34314383093653
848001,0.0
1590167,101.87155742138212
799992,440.32535686289737
525726,126.2591860016319
1464274,0.0
1287813,0.0
1185254,0.0
398285,28.7796673974308
1002280,352.26028549031787
1277693,407.4862296855285
1316821,0.0
1055044,14.677512332853851
877916,132.09760705886922
791219,0.0
772496,484.3578925491872
291053,105.83490591313264
1183572,462.34162470604224
1349203,152.80733765007767
1126757,418.30908901975255
245154,11.140516411908695
1405854,152.80733613207315
1642898,0.0
920771,616.4554996080564
1168819,0.0
878756,0.0
381355,124.4024332663138
1710282,0.0
1258317,0.0
813857,374.2765533334628
997278,198.1464105883038
665414,341.2521515687455
990174,0.0
131461,65.11012925182195
1249165,0.0
322113,131.82944420758625
808252,176.1301427451589
1377561,0.0
836961,0.0
334599,85.03927527756973
692923,66.04880352943461
1124526,0.0
481323,44.56206564763479
1576637,152.80733613207315
1757105,0.0
1187689,341.2521515687455
1037977,0.0
1168458,22.016267843144867
1101024,165.12200882358653
1667622,305.61467226414635
1221644,157.7832533132955
1381143,0.0
1547401,0.0
224929,129.04431510460907
1406784,178.2752254874187
1028902,0.0
1436380,152.80733613207315
1230237,187.1382766667314
1712583,0.0
712480,88.06507137257947
704882,44.03253568628973
611852,66.8430984714522
1107317,0.0
1037209,190.8076550780128
803832,0.0
203188,96.9731314945689
741724,88.06507137257947
1719096,229.21100419810975
163865,33.4215492357261
343360,25.994538294453623
772173,36.693780175998725
663269,0.0
312212,133.6861969429044
1715715,0.0
848046,0.0
52960,66.8430984714522
1521402,0.0
637185,198.1464105883038
786041,0.0
1422636,0.0
1119690,102.74258370543332
668216,0.0
1466352,169.78592954163838
595329,219.0968227675377
505419,226.5238337088102
625702,0.0
1322653,0.0
1542717,0.0
551880,50.13232385358914
1345036,89.13761274370935
744902,44.03253568628973
1387620,0.0
1120207,154.1138749020141
497408,172.67800438458482
1180637,341.2521515687455
279971,90.98088403058767
628767,0.0
184765,100.44148130101811
602899,132.94349584877713
1757167,0.0
1501114,0.0
404686,89.12413129526958
508881,89.86683238939682
1236245,0.0
448254,111.405164119087
1605449,0.0
314784,41.27054943502541
739760,168.79138723486793
62916,100.26464770717828
182899,64.73315218131796
1686463,369.2843956525102
270660,123.47405689865472
39111,36.20667833870327
1442868,458.4220083962196
1025033,0.0
1438796,127.33944677672766
326122,213.52656456158337
787604,0.0
1297040,0.0
249868,98.40789497186016
1719040,101.87155742138212
1035913,0.0
830792,0.0
655608,176.1301427451589
416822,77.98361488336089
1537189,0.0
459765,70.55660394208842
892978,440.32535686289737
1089134,0.0
1538641,0.0
1090348,264.19521411773843
1467418,305.61467226414635
1731984,0.0
957941,176.1301427451589
228439,0.0
1289092,305.61467226414635
68261,76.12686214804276
386320,63.39484339157568
924601,220.16267843144868
1237277,101.87155742138212
717851,0.0
193250,96.02064145502258
1168077,44.03253568628973
970926,293.55023878344616
535694,198.93779306979815
954524,506.374160392332
1690172,0.0
1548523,0.0
29578,0.0
1496819,101.87155742138212
372414,136.33870085050168
968085,0.0
370258,116.97542232504132
1652343,0.0
966242,0.0
1664885,254.6788935534553
782463,572.4229639217666
1085493,143.10574098044165
781157,242.1789462745936
1051684,220.16267843144868
863095,352.26028549031787
624545,0.0
87059,100.79514848869776
1458825,0.0
72597,48.275571118271024
511185,103.97815317781448
512245,0.0
1089298,0.0
798488,0.0
806186,0.0
1159567,22.016267843144867
1105448,154.1138749020141
1077067,51.37129250885258
216601,0.0
389141,155.96722976672177
1620848,0.0
1542827,0.0
538774,66.8430984714522
891237,212.82392292115765
580896,28.965342670962617
59784,148.03383171581706
551454,27.47994048270812
714512,0.0
1171981,165.12200882358653
1107261,22.016267843144867
971313,154.1138749020141
443558,31.311602945591872
333030,75.62047503841056
1654907,127.33944677672766
863513,176.1301427451589
308856,115.38391998048294
1370470,0.0
154432,31.564796500407976
691342,0.0
1428177,0.0
249741,122.03929342136344
1433895,254.6788935534553
485647,181.96176806117535
543043,98.22221969832836
1296275,254.6788935534553
1524021,0.0
513173,148.5402188254493
998720,0.0
1180744,264.19521411773843
1004436,55.04066960786217
190783,77.98361488336089
1740045,152.80733613207315
1475111,0.0
972498,220.16267843144868
1120611,0.0
861841,110.08133921572434
558845,120.18254068604534
589677,85.07303441821188
552535,146.6834660901312
911877,124.7588515485782
1579647,271.65748696302046
263886,233.20814355595544
717303,0.0
1160912,0.0
1450065,0.0
839100,0.0
1648949,76.40366806603659
450352,79.33398050904678
1347964,84.89296552982144
1146194,308.2277498040282
929773,0.0
1230772,0.0
121905,123.47405689865472
1431384,331.0825616194919
333348,149.77805398232806
1553033,178.2752254874187
523680,191.245531737766
143205,67.77147483911125
1678613,0.0
399179,60.60971428859852
1484296,0.0
1254549,292.8807275864736
1441162,0.0
376864,0.0
307954,44.56206564763478
907914,0.0
190184,111.405164119087
180572,144.48912194839158
1322059,0.0
249311,174.5347571199029
588969,193.1022844730841
1394479,0.0
284765,98.15470141704404
703388,0.0
1207812,0.0
322458,230.2373391794464
921959,0.0
545189,22.281032823817394
540697,73.42130816229351
353438,78.91199125101994
886343,264.19521411773843
993099,0.0
940053,0.0
193167,41.776936544657616
784832,36.693780175998725
684089,330.24401764717305
1381790,0.0
1678086,0.0
424294,47.34719475061196
1542879,254.6788935534553
1313222,407.4862296855285
602287,219.6273235490572
716537,190.8076550780128
857339,0.0
1330308,0.0
1147372,154.1138749020141
1637743,0.0
1578705,0.0
1001428,0.0
647180,0.0
142082,166.55072035803502
248702,118.83217506035945
1497146,0.0
934102,319.2358837256006
518855,150.3969715607674
1288797,76.40366806603659
1251754,0.0
1508302,114.60550209905487
787530,484.3578925491872
316522,22.281032823817394
1671233,0.0
299474,0.0
210808,47.532870024143776
1127445,0.0
690231,0.0
1033239,44.03253568628973
1445834,152.80733613207315
328699,0.0
1535332,110.36085488516696
431181,63.12959300081595
210634,159.680735237358
816116,0.0
1504615,0.0
278880,38.99180744168044
1169723,0.0
589041,272.70151537289064
419632,65.91472210379312
1462746,0.0
1450951,458.4220083962196
542900,30.450744859217103
1373819,0.0
1691752,0.0
1609355,458.4220083962196
1692270,0.0
1215454,374.2765533334628
952794,267.8645925290199
1302169,0.0
1222387,0.0
4199,135.5429496782225
112611,85.41062582463336
783616,198.1464105883038
1240973,101.87155742138212
1011456,0.0
488662,142.96996061949494
336298,141.29004147801666
218394,0.0
1619524,127.33944677672766
1100183,198.1464105883038
410615,96.55114223654203
1540947,0.0
71796,113.2619168544051
1325205,178.2752254874187
1570436,483.8898977515651
263821,148.5402188254493
1206062,0.0
681269,363.2684194118904
31319,113.68390611243196
817358,0.0
88402,91.90926039824676
514643,167.10774617863046
532394,189.38877900244785
1020079,66.04880352943461
1631057,178.2752254874187
501123,113.7200766202628
1222374,253.187080196166
1333045,331.0825616194919
1670791,127.33944677672766
436003,96.55114223654203
1018256,0.0
1361074,191.0091701650915
221295,44.56206564763479
1493270,50.93577871069106
395887,22.281032823817394
1447699,0.0
867580,0.0
1556553,144.31804018629285
442439,53.84582932422537
1705016,0.0
529179,133.6861969429044
596164,120.68892779567754
1693570,331.0825616194919
1149616,341.2521515687455
454498,76.12686214804276
1111673,286.2114819608833
408093,22.281032823817394
716354,0.0
1546391,0.0
1507085,50.93577871069106
807302,0.0
234303,79.2688735949512
1122165,0.0
1011112,0.0
1755892,407.4862296855285
1504467,560.2935658176017
842591,168.79138723486793
877386,0.0
1344222,356.5504509748374
1143381,264.19521411773843
1483347,0.0
629842,0.0
1214483,0.0
685773,44.03253568628973
396026,87.53262895071119
851756,308.2277498040282
1296768,101.87155742138212
1664781,0.0
762203,0.0
1190163,0.0
294280,230.2373391794464
667888,0.0
1232539,0.0
1041208,220.16267843144868
1739348,0.0
399750,103.42112735721906
1273268,0.0
67322,127.18756236929096
959241,0.0
1672980,50.93577871069106
1382020,0.0
649787,44.03253568628973
769471,0.0
1261248,458.4220083962196
1265606,101.87155742138212
765035,132.09760705886922
25537,100.26464770717828
974810,264.19521411773843
179876,0.0
758014,0.0
200615,0.0
262102,172.67800438458482
959424,77.05693745100704
590210,76.3921125388025
1397601,0.0
1708598,220.72170825232945
797385,44.03253568628973
1344840,432.9541190408741
1210599,0.0
1345434,80.64831679792903
1172641,0.0
93175,125.198184438593
409532,68.6998512067703
991066,319.2358837256006
1481130,0.0
1437458,0.0
1135701,0.0
336922,161.16613742561248
1628241,0.0
1177500,0.0
7805,64.24364464200683
603455,174.02837001027072
1752781,318.3486169418191
256221,155.96722976672177
38820,0.0
1019702,264.19521411773843
1291636,89.13761274370935
759069,77.05693745100704
241584,70.55660394208842
1095088,0.0
114595,185.67527353181163
1450742,407.4862296855285
366059,0.0
135409,58.67338643605248
857119,209.15454450987627
47084,183.5653272416774
725843,0.0
237952,33.4215492357261
1088778,0.0
1185264,132.09760705886922
189978,56.63095842720255
570867,87.01418500513535
1577098,0.0
178920,131.5762506527701
995849,51.37129250885258
1460707,407.4862296855285
875018,0.0
1240175,50.93577871069106
140387,126.2591860016319
1074022,58.71004801914359
1149470,0.0
1297958,50.93577871069106
246410,101.59089966097694
67676,97.4795186042011
328546,0.0
660479,0.0
345416,122.29248697617956
1121831,0.0
391162,104.90652954547356
994504,0.0
1635259,0.0
32859,44.56206564763478
1494374,203.74311484276424
837758,308.2277498040282
1411615,0.0
1225966,0.0
318244,115.64917037124265
840643,440.32535686289737
1222520,0.0
1324110,0.0
372521,81.69712035399711
432951,49.87913029877304
857691,198.1464105883038
1637724,0.0
1679000,280.14678290880084
1371730,331.0825616194919
966280,0.0
571358,215.38331729690148
745990,0.0
777784,0.0
1544895,534.8256764622562
430239,50.13232385358914
1531433,152.80733613207315
67509,96.55114223654203
1236694,432.9541190408741
937533,0.0
1152299,0.0
1574143,178.2752254874187
1234208,0.0
597928,122.54568053099568
614094,222.810328238174
742232,0.0
1097640,0.0
785623,462.34162470604224
920131,0.0
436144,105.83490591313264
690573,440.32535686289737
1096923,0.0
1087218,36.693780175998725
1670041,0.0
463225,144.82671335481308
1625783,0.0
652439,22.016267843144867
818714,66.04880352943461
288598,89.91988246754877
1484237,458.4220083962196
530754,94.95963989198366
402874,43.50106408459587
488227,154.4818275784673
1001528,0.0
1490020,0.0
1005666,0.0
1075340,0.0
1397379,0.0
1154382,44.03253568628973
395611,120.31757724861394
1462037,0.0
647387,0.0
745071,176.1301427451589
1439622,0.0
1379164,0.0
255682,89.12413129526958
1324465,0.0
329262,57.05294768522939
1570048,0.0
813493,418.30908901975255
851208,242.1789462745936
1104678,176.1301427451589
343282,92.8376367659058
209539,217.2400700322196
1590535,101.87155742138212
1414601,0.0
407291,111.405164119087
977657,187.1382766667314
719283,0.0
152336,69.62822757442936
1521718,0.0
1536833,0.0
1216877,0.0
1084525,0.0
1390614,560.2935658176017
1617148,0.0
1246181,0.0
863282,132.09760705886922
1330817,0.0
410365,46.41881838295291
803394,286.2114819608833
279925,94.69438950122392
386603,0.0
1466197,0.0
615779,41.776936544657616
558489,59.41608753017972
1091368,176.1301427451589
1347209,0.0
891393,315.566506626591
59416,77.98361488336089
875267,88.06507137257947
221808,241.0402641849336
1171348,0.0
750222,352.26028549031787
1445674,407.4862296855285
1078571,256.8564599197192
23314,48.46124639180283
1554729,0.0
71246,20.42428008849928
1456895,0.0
733689,0.0
1233517,0.0
821237,0.0
110202,139.0032615940426
1342238,0.0
368992,89.12413129526958
256779,85.41062582463334
420837,96.81639262730177
1247534,101.87155742138212
31321,148.5402188254493
853680,0.0
356589,25.994538294453623
81635,100.26464770717828
412757,35.27830197104421
417619,101.19302407483734
673570,0.0
673327,154.1138749020141
1357284,0.0
358757,68.32850065970668
1252145,271.65748696302046
997945,135.76698547015062
312233,129.71949791745203
327117,105.30440513161317
690734,22.016267843144867
577329,77.98361488336089
541113,51.989076588907245
338955,151.32534792842648
367250,89.12413129526958
134718,0.0
137232,183.81852079649352
831552,0.0
334061,132.094694598346
104603,106.9489575543235
1244480,76.40366806603659
741243,0.0
530738,78.64674086026021
617667,11.140516411908695
1048294,0.0
1366031,0.0
1253070,407.4862296855285
1493425,76.40366806603659
219727,0.0
763243,0.0
1387039,0.0
619999,0.0
786973,0.0
634038,176.1301427451589
1611111,229.21100419810975
262486,300.5407495667187
1400886,0.0
889358,44.03253568628973
237381,85.41062582463334
964352,0.0
846171,0.0
760660,0.0
1280720,0.0
215366,68.19346409713809
1070369,165.12200882358653
1014502,0.0
1115668,315.566506626591
1525003,254.6788935534553
969789,528.3904282354769
1539589,203.74311484276424
512910,64.98634573613407
1680181,50.93577871069106
1397785,0.0
29749,170.31486453963447
624341,374.2765533334628
1337751,0.0
1630071,0.0
499013,133.6861969429044
1348622,0.0
1222764,132.09760705886922
868403,0.0
699174,0.0
1024210,0.0
342557,122.36000525746388
202889,42.70531291231667
471601,92.04188559362665
1523698,254.6788935534553
1471055,0.0
561100,36.07405314332341
1121552,0.0
1319316,0.0
429851,97.29384333066928
936225,0.0
44401,80.21171816574262
1161953,315.566506626591
956937,0.0
53990,58.48771116252066
1349847,0.0
267021,181.96176806117535
748881,396.2928211766076
1612749,305.61467226414635
589383,165.25099344331232
20172,51.735883034091145
678337,0.0
211748,157.82398250203988
1349634,67.91437212025625
1155903,0.0
566357,110.29111247789612
1116818,0.0
822432,132.09760705886922
456060,66.58990491663609
1753722,0.0
845644,168.79138723486793
1269477,0.0
1239247,50.93577871069106
1072102,132.09760705886922
1546907,360.7950992007283
607005,110.89877700945476
345746,130.9010678399272
67868,0.0
1394619,254.6788935534553
916835,44.03253568628973
1623898,229.21100419810975
1088920,168.79138723486793
35312,192.0412829100452
861366,132.09760705886922
345948,33.4215492357261
655725,176.1301427451589
955876,0.0
1231347,0.0
857311,88.06507137257947
1475529,0.0
561740,47.49187678193545
1647926,0.0
411522,113.008723299589
1387837,0.0
110931,133.9514473336641
1497811,0.0
1033253,44.03253568628973
41951,82.06847090106073
1433521,169.78592954163838
1634631,0.0
1234058,0.0
1229836,190.8076550780128
820191,0.0
1111884,0.0
900192,0.0
1397334,0.0
425877,48.275571118271024
1179462,0.0
216733,0.0
1172116,0.0
594673,85.41062582463334
400778,55.702582059543495
1684901,0.0
1426396,0.0
42854,154.11047703140363
335254,116.23272123091408
1696028,0.0
660921,0.0
872213,0.0
57040,222.810328238174
1548804,0.0
1014870,315.566506626591
617661,35.27830197104421
1674662,509.3577871069106
1311294,522.0917317845834
1401004,0.0
1443311,254.6788935534553
45277,124.4024332663138
414343,81.69712035399711
244637,44.56206564763479
177510,170.82125164926669
1600320,390.5076377939678
1045341,132.09760705886922
248974,70.18525339502479
55582,100.26464770717828
696284,0.0
1341693,101.87155742138212
713979,0.0
1496484,0.0
1310297,0.0
1522455,80.64831679792903
1463029,0.0
1424154,343.81650629716466
60627,0.0
822863,0.0
1617643,585.7614551729472
1682927,0.0
85538,278.51291029771744
443243,124.4024332663138
1227346,14.677512332853851
714726,0.0
118399,55.702582059543495
656723,88.06507137257947
379399,97.4795186042011
1211601,124.75885111115424
862263,0.0
1566264,0.0
622580,132.09760705886922
1045415,0.0
970962,168.79138723486793
887373,0.0
1116657,0.0
1721743,0.0
1614878,101.87155742138212
825407,44.03253568628973
1166809,484.3578925491872
496423,155.96722976672177
654570,88.06507137257947
1423648,0.0
531436,271.6284569739081
1536584,152.80733613207315
1353841,636.6972338836382
495961,202.1328545948586
1328958,0.0
847039,0.0
1355561,0.0
661473,0.0
269344,112.33354048674602
986532,44.03253568628973
1318892,0.0
220314,55.702582059543495
274248,40.84856017699856
1379199,331.0825616194919
315946,122.54568053099568
744372,249.5177030971564
392307,149.77805398232806
299979,25.994538294453623
1081375,112.74997774216612
705901,0.0
136086,222.810328238174
143335,259.6077915381148
1304940,0.0
29203,99.20364614413936
488917,144.82671335481308
1445236,0.0
1382676,50.93577871069106
237699,46.79016893001653
464091,49.625936743956935
693213,0.0
1529761,76.40366806603659
1466239,0.0
157793,42.9705633030764
975496,0.0
943561,0.0
802302,0.0
56736,42.70531291231667
347982,133.6861969429044
1024385,264.19521411773843
123125,141.11320788417686
1597277,509.3577871069106
581214,245.09136106199136
524130,102.30707571602822
389129,97.4795186042011
1248008,25.46788935534553
1221120,341.2521515687455
1071434,0.0
951621,0.0
115086,148.5402188254493
855602,55.04066960786217
1542349,0.0
1395393,280.14678290880084
46304,209.19414151250777
1368843,0.0
662376,176.1301427451589
34901,207.95630635562895
484951,0.0
385533,116.97542232504132
332077,189.38877900244785
1086505,212.82392292115765
472173,241.0402641849336
117805,103.97815317781448
948972,0.0
1539020,0.0
843128,0.0
44704,98.40789497186016
153703,89.12413129526958
1085383,0.0
747277,121.0894731372968
1465176,76.40366806603659
464252,119.76055142801852
454499,118.83217506035945
812704,176.1301427451589
1635887,0.0
1497838,127.33944677672766
1082254,0.0
1479387,0.0
1740891,0.0
1168048,69.71818194071602
117875,34.535600876916966
1150006,0.0
63793,114.612282480091
1723073,178.2752254874187
67151,108.06300919551435
1524699,101.87155893938662
244758,25.994538294453623
177230,29.1775429835704
6313,37.135054706362325
439357,0.0
907704,0.0
425781,170.82125164926669
1196440,0.0
65784,74.27010941272466
225524,126.2591860016319
1076592,0.0
1434422,0.0
319739,129.97269147226817
466912,201.76713057123533
1217818,176.1301427451589
177690,102.1214004424964
128873,114.00461794853234
1579634,110.36085488516696
1016295,0.0
795154,88.06507137257947
1019759,88.06507137257947
233640,142.72882390062247
1502044,407.4862296855285
860919,0.0
1059669,440.32535686289737
290370,178.24826259053916
1051689,0.0
387315,135.30181295935
161271,0.0
1580520,50.93577871069106
1018222,132.09760705886922
1676308,0.0
839198,0.0
708489,0.0
825404,308.2277498040282
1225301,0.0
485468,100.26464770717828
148771,116.97542232504132
1617443,263.16819101724013
205236,113.2619168544051
944213,264.19521411773843
1190640,190.8076550780128
1391034,0.0
729761,0.0
398415,91.77663520286688
1496094,0.0
1126155,0.0
93157,138.5933291719594
172082,111.405164119087
1398202,0.0
995270,198.1464105883038
1712420,611.2293445282927
362837,148.2870252706332
187024,55.702582059543495
560499,0.0
835907,0.0
426017,109.04202427413664
677330,517.3822943139045
648477,0.0
1530414,0.0
1667648,76.40366958404108
36123,162.88785359836203
1304635,89.13761274370935
548344,5.570258205954349
358855,170.82125164926669
162754,48.275571118271024
1103173,168.79138723486793
1029749,0.0
1717789,0.0
1672777,0.0
1565725,356.5504509748374
67783,0.0
145159,158.19533304910348
1253436,152.80733613207315
853067,51.37129250885258
772561,506.374160392332
862672,418.30908901975255
1128241,183.4688995677218
706760,146.77511939172308
256534,66.8430984714522
1217529,0.0
539171,59.41608753017972
233706,174.19716571348144
678038,264.19521411773843
1179651,396.2928211766076
801978,0.0
1336538,0.0
371796,69.07120175383393
1692376,0.0
1416975,0.0
136019,64.98634573613407
1098863,308.2277498040282
765536,135.76698547015062
18094,135.5429496782225
1135459,154.1138749020141
332994,163.3942407079942
305888,66.8430984714522
271117,148.5402188254493
510863,120.43573424086144
1280287,101.87155742138212
460909,70.82185433284815
1119626,0.0
483002,122.54568053099568
1254719,0.0
1714955,0.0
902519,44.03253568628973
1039313,154.1138749020141
1687321,0.0
798172,110.08133921572434
1731167,0.0
1053766,0.0
1561982,0.0
675264,154.1138749020141
944580,0.0
689787,359.5990423128808
1599980,0.0
1647040,0.0
594990,137.3997024135406
1396984,0.0
1383706,0.0
51411,181.96176806117535
1487976,0.0
398973,211.6698118262653
419096,62.623205891183744
1388706,229.21100419810975
358870,61.27284026549784
416548,0.0
512723,94.69438950122392
1690013,0.0
1063894,0.0
1205215,0.0
641181,264.19521411773843
1600153,0.0
604323,128.38118912770975
214715,14.323521101025468
168120,150.66222195152713
94481,261.8021356798544
1659990,0.0
1523840,0.0
1665905,0.0
1398280,0.0
713307,0.0
420780,29.708043765089855
1126493,0.0
1444711,305.61467226414635
1499936,169.78592954163838
603172,107.69165864845074
1331814,297.125376318366
14023,122.54568053099568
617433,29.708043765089855
626939,22.016267843144867
1069587,0.0
949325,418.30908901975255
268072,67.63884964373138
239435,108.43435974257798
1056269,88.06507137257947
1470282,0.0
607600,89.12413129526958
656726,0.0
681805,0.0
83948,133.17980983327217
680120,146.77511939172308
822016,528.3904282354769
1652692,0.0
808064,0.0
1117741,0.0
345907,122.54568053099568
583540,87.26737855995145
255888,216.73368292258735
196477,44.05567853800258
973378,0.0
1106931,154.1138749020141
618889,0.0
266963,213.0201774519512
1690245,263.16819101724013
624842,0.0
1589171,0.0
965863,110.08133921572434
1493680,0.0
1655222,0.0
1657144,0.0
1114943,271.53397094030123
801247,0.0
540129,66.33671136181998
957673,0.0
347798,163.65949109875396
778914,253.187080196166
783580,352.26028549031787
1527982,305.61467226414635
1623495,241.94494887578256
1584423,0.0
596615,0.0
233324,127.187562369291
48130,130.5031922537876
219599,111.405164119087
991527,0.0
1390244,492.37919521535
355656,7.427010941272464
164668,92.8376367659058
482882,100.26464770717828
265617,220.9535755028558
1531276,0.0
1674276,0.0
1659763,0.0
1347383,0.0
611415,187.5320262671297
1524742,0.0
160003,38.62045689461682
49402,180.10501532585727
769017,286.2114819608833
792646,22.016267843144867
736389,484.3578925491872
1063912,330.24401764717305
1496752,0.0
1746440,178.2752254874187
572290,48.54082150903075
109423,72.41335667740654
223634,170.82125164926669
1312061,0.0
1609729,331.0825616194919
266817,168.71130535913247
1538139,0.0
537143,109.54841138376884
741298,0.0
1428147,0.0
1443405,0.0
19403,53.47447877716175
871861,0.0
221907,188.88239189281563
1384547,0.0
526795,96.55114223654203
1014366,0.0
341208,92.33124965627356
1316296,0.0
1700225,356.5504509748374
1024071,0.0
433739,44.56206564763479
1161051,0.0
774919,220.16267843144868
1065907,550.4066960786217
419672,49.01827221239827
1094387,0.0
1279081,16.97859340956519
1510623,0.0
1424831,407.4862296855285
127094,74.27010941272465
1715327,0.0
333521,45.49044201529384
1083271,0.0
375979,48.806071899790496
280264,0.0
745063,0.0
693094,0.0
1688669,0.0
132500,42.70531291231667
262526,14.854021882544927
30456,51.989076588907245
866337,29.355024665707703
193859,27.851291029771748
1735713,118.85015083094731
406226,200.52929541435657
1115452,297.21961588245574
750305,146.77511939172308
101435,70.55660394208842
1057706,0.0
1125276,0.0
439811,0.0
1649055,0.0
444993,153.23836589814815
1494979,314.1039697279312
964141,0.0
627894,154.1138749020141
312869,50.13232385358914
884138,0.0
1546310,280.14678290880084
670785,242.1789462745936
376763,19.49590372084022
513388,152.25372429608555
1616435,415.9755271493133
1329246,0.0
123214,77.98361488336089
1168860,0.0
211277,77.98361488336089
1707707,0.0
1395616,0.0
1456573,241.94494887578256
824909,88.06507137257947
1449072,0.0
1678393,0.0
1286469,0.0
1028576,44.03253568628973
997216,330.24401764717305
443920,38.48542033204823
799328,0.0
1424081,382.018340330183
1574614,0.0
1333084,331.0825616194919
1053372,146.77511939172308
758220,0.0
1466736,0.0
542873,30.63642013274892
1262854,0.0
799193,0.0
1533849,0.0
1545035,0.0
1122609,0.0
165503,114.05766802668428
1745158,0.0
5405,47.532870024143776
1595908,254.6788935534553
1138761,0.0
549329,0.0
216731,0.0
354177,66.33671136181997
631781,0.0
114861,261.54894212503825
552509,141.11320788417683
524467,44.56206564763479
676556,220.16267843144868
61747,72.78470722447015
36207,71.08710472360788
1526356,0.0
1145103,176.1301427451589
415101,53.84582932422537
1144542,0.0
1593861,560.2935658176017
356643,101.61501333286418
1601964,509.3577871069106
1112688,143.10574098044165
1121584,0.0
1543919,0.0
1743259,0.0
986046,264.19521411773843
1746602,203.74311484276424
98016,0.0
900212,132.09760705886922
344785,92.8376367659058
162802,55.702582059543495
1057785,0.0
709405,0.0
682047,0.0
189375,229.1763376164075
555330,61.27284026549784
1317537,0.0
1070413,0.0
1162472,161.45263172457692
317497,245.8871122342705
383314,128.11593873695003
332932,129.97269147226814
1638318,458.4220083962196
898852,0.0
893288,0.0
364896,174.71159071374274
790337,352.26028549031787
695794,99.0732052941519
1247304,0.0
9914,57.82458518562132
1600808,0.0
211776,87.87745445869885
1468398,0.0
1253995,0.0
86301,0.0
129339,72.41335667740654
1315868,407.4862296855285
106389,204.2428008849928
1680746,178.2752254874187
1383298,0.0
788851,440.32535686289737
858489,0.0
1247104,0.0
559964,96.29794868172591
1133164,0.0
1104728,22.016267843144867
344086,174.5347571199029
1723090,0.0
819006,0.0
669704,264.19521411773843
1445235,0.0
1116104,330.24401764717305
1263584,0.0
467059,211.6698118262653
1588775,254.6788935534553
1620119,318.3486169418191
19554,151.74733718645334
1382007,84.89296552982144
129302,59.41608753017972
799997,0.0
701723,0.0
491646,36.20667833870327
951616,0.0
193559,55.702582059543495
1414285,161.29663359585803
1552691,178.2752254874187
858523,0.0
1557946,135.8287442405125
527051,125.92159459521044
309450,63.55158225884281
1053056,0.0
610287,16.71077461786305
763328,154.1138749020141
1202138,0.0
701338,440.32535686289737
1098885,0.0
399637,50.13232385358914
1345968,0.0
15224,80.10561800943873
613829,71.90696956777431
64327,108.72613517241368
1675046,0.0
909078,80.72631586228846
1332545,0.0
1055399,572.4229639217666
132546,45.481600335601854
545797,28.22264157683537
1518524,152.80733613207315
351396,87.26737855995145
1239331,0.0
833341,0.0
727483,0.0
800661,341.2521515687455
315217,66.8430984714522
69788,44.7477409211666
1068453,55.04066960786217
228045,174.5347571199029
519632,141.11320788417683
54648,116.97542232504132
1525522,0.0
83433,0.0
802979,418.30908901975255
290906,0.0
1257353,0.0
864164,0.0
1339667,331.0825616194919
1025227,44.03253568628973
1016110,308.2277498040282
1338535,0.0
417600,42.9705633030764
1277681,0.0
756591,220.16267843144868
60881,172.67800438458482
144827,92.8376367659058
5008,37.135054706362325
527447,187.79727665788948
968439,0.0
253157,76.12686214804276
1212639,0.0
920087,0.0
1482252,0.0
973270,0.0
1741804,178.2752254874187
1365120,229.21100419810975
910395,220.16267843144868
1465016,483.8898977515651
412147,66.8430984714522
202864,5.570258205954349
298071,71.72370566143124
1719790,280.14678290880084
345369,46.41881838295291
1498826,0.0
1492887,356.5504509748374
1030388,0.0
1457278,483.8898977515651
945171,271.53397094030123
567899,181.96176806117535
475117,107.69165864845074
1211802,40.36315858728014
1282537,0.0
736519,0.0
5794,0.0
161003,21.166981182626525
1718272,483.8898977515651
1300548,0.0
240471,0.0
336611,155.96722976672177
1519132,50.93577871069106
174571,88.8829945763971
1703567,339.5718590832768
1286963,93.38226147560178
1375271,509.3577871069106
84554,55.702582059543495
339979,94.69438950122392
137559,0.0
768059,176.1301427451589
1324107,241.94494887578256
1387570,0.0
272241,61.0075898747381
1642833,229.21100419810975
979823,0.0
471931,128.11593873695003
1133452,132.09760705886922
1535344,0.0
592598,211.3322204198438
868059,0.0
357564,181.96176806117535
28153,116.312296348142
170531,160.2273118001356
891784,0.0
682647,0.0
618070,55.364990653122014
494940,69.40155905868922
1637749,407.4862296855285
155146,116.97542232504132
1020203,0.0
498053,137.3997024135406
635243,33.024401764717304
1092374,0.0
663777,242.1789462745936
19605,11.140516411908695
545740,97.82434411218875
708128,0.0
479443,155.96722976672177
1628722,356.5504509748374
992065,440.32535686289737
553741,46.41881838295291
1493790,254.6788935534553
1397756,93.38226147560178
425433,25.06616192679457
1240077,254.6788935534553
1660262,0.0
127795,0.0
1227861,0.0
65774,58.04884233417275
860113,264.19521411773843
26348,67.58579956557944
560989,20.42428008849928
1243957,76.40366806603659
1718297,483.8898977515651
363059,55.702582059543495
1677051,0.0
106997,79.57511722791926
1536110,420.2201743632013
1291521,0.0
423717,24.137785559135512
1546498,0.0
165884,15.782398250203988
929934,330.24401764717305
127863,105.83490591313264
504808,0.0
1581425,0.0
138029,239.78635324679675
1698322,76.40366806603659
1090657,95.40382819514232
1306904,114.60550209905487
731479,0.0
417765,92.8376367659058
1308447,288.6360803725857
1300945,114.60550209905487
129239,144.82671335481308
1666374,0.0
716370,0.0
889315,110.08133921572434
566706,188.32777743940892
756302,0.0
1722519,382.018340330183
1078751,124.7588515485782
1641216,127.33944677672766
1455448,0.0
1277799,220.72170825232945
971038,550.4066960786217
1684024,0.0
452988,55.14555623894806
1455662,483.8898977515651
1499571,0.0
150346,124.1492397114977
478908,124.13718287555406
1044964,242.1789462745936
520126,232.09409191476453
1059881,0.0
1209702,161.45263172457692
131213,33.4215492357261
22587,87.01418500513536
493689,176.39150985522102
1017701,0.0
1642532,0.0
1557925,0.0
1611784,0.0
662798,176.1301427451589
158280,83.84323715196221
1575168,76.40366806603659
767882,0.0
649534,0.0
822257,0.0
986250,44.03253568628973
214348,78.40560414138773
460434,37.135054706362325
1505102,0.0
1024503,88.06507137257947
82036,122.54568053099568
218933,0.0
1290942,407.4862296855285
62493,144.82671335481308
533444,144.82671335481308
1632519,560.2935658176017
1674616,0.0
350881,114.27469107366952
1078710,0.0
1207550,88.06507137257947
1669363,0.0
1054019,330.24401764717305
26633,111.405164119087
1188818,660.4880352943461
1736622,0.0
1648996,0.0
1704053,0.0
359061,98.84997895645972
442876,157.2050649236005
561079,204.2428008849928
1463906,0.0
375345,103.04977681015546
949169,319.2358837256006
37007,81.19073324436489
555533,124.93293404783326
591930,36.88186115154621
1643758,483.8898977515651
604304,0.0
97494,185.67527353181163
161028,89.12413129526958
516112,119.76055142801852
950919,146.77511939172308
76836,66.8430984714522
1461866,0.0
124379,86.33900219229241
162290,55.702582059543495
919680,0.0
62033,59.41608753017972
1741980,0.0
1658279,178.2752254874187
1139245,0.0
1750417,0.0
542635,52.4785841282184
1393357,297.125376318366
598334,157.82398250203988
600499,181.96176806117535
1598130,0.0
600014,152.51897468684524
376490,102.80864009128298
1484855,0.0
575492,215.38331729690148
1618157,471.1559530738923
514163,100.26464770717828
1430996,458.4220083962196
1333031,152.80733613207315
1397908,0.0
969227,176.1301427451589
785333,0.0
1122473,0.0
452851,120.18254068604534
330858,57.559334794861606
1342328,16.97859340956519
1288883,0.0
184330,77.61226433629727
289428,29.708043765089855
321789,178.58585399696065
1473449,76.40366806603659
258427,76.49821269510639
920574,0.0
1518051,382.018340330183
1061808,0.0
391432,179.8518217710412
41708,179.48609774741792
1331195,0.0
35302,0.0
999988,0.0
422625,0.0
350646,68.07530710489057
1286800,152.80733613207315
1272339,356.5504509748374
829197,462.34162470604224
149846,128.11593873695003
1749762,0.0
162737,25.994538294453623
92362,89.12413129526958
1738002,0.0
1206332,264.19521411773843
731689,154.1138749020141
927241,0.0
1033649,132.09760705886922
1667008,114.60550209905487
742436,0.0
587280,102.1214004424964
675366,0.0
916868,249.5177030971564
818392,0.0
1322232,0.0
164489,82.3843600027837
408055,167.10774617863046
451344,70.55660394208842
1595851,382.018340330183
1258652,0.0
892917,14.677512332853851
468652,185.67527353181163
1299643,280.14678290880084
456259,7.427010941272464
1654399,0.0
64561,77.98361488336089
1718429,0.0
1449464,0.0
286111,105.58171235831652
633416,110.08133921572434
1358593,114.60550209905487
1511760,0.0
651722,0.0
1290587,0.0
1344019,267.4128382311281
373376,141.11320788417683
89403,130.52971729286358
1006093,0.0
1611158,0.0
1096225,0.0
1390446,305.61467226414635
275536,70.92795448915203
361287,134.6145733105634
131075,85.41062582463334
850078,0.0
1094346,0.0
303019,66.8430984714522
62977,144.57351979999694
116579,124.91525068844926
1646037,254.6788935534553
733848,0.0
52573,129.97269147226814
828763,616.4554996080564
1376809,0.0
1187538,110.08133921572434
268437,184.6142719687727
662362,0.0
290127,198.6725426790385
797239,113.75071762700576
1031964,110.08133921572434
1752099,483.8898977515651
230667,0.0
732778,0.0
1569309,0.0
873198,0.0
40817,78.24886527412062
1118274,418.30908901975255
1646081,178.2752254874187
508838,98.40789497186016
96495,126.2591860016319
1047035,110.08133921572434
231941,139.67844440688555
998566,374.2765533334628
1735001,0.0
1155255,176.1301427451589
175135,94.69438950122392
1284841,0.0
482533,222.810328238174
1073934,352.26028549031787
1079312,0.0
1627772,0.0
811727,0.0
843095,0.0
457977,83.97586234734207
480745,89.12413129526958
74848,0.0
951832,0.0
338020,191.77603251928545
1668851,178.2752254874187
1655846,0.0
1302859,127.33944829473216
448120,0.0
436626,101.8682068876803
1282663,0.0
1313910,0.0
629368,0.0
1741654,0.0
237929,122.54568053099568
809715,80.72631586228846
1601080,144.31804018629285
406267,0.0
1266832,0.0
1095326,154.1138749020141
165701,0.0
505907,88.75278074820595
947432,44.03253568628973
855642,143.10574098044165
564440,0.0
1163446,440.32535686289737
1161411,293.55023878344616
1362579,382.018340330183
1435522,0.0
378124,100.26464770717828
1013476,0.0
1708348,220.72170977033392
896749,66.04880352943461
1624820,0.0
1174978,0.0
1703509,407.4862296855285
556527,0.0
978086,0.0
1075598,0.0
943324,110.08133921572434
331702,107.69165864845074
143052,60.90148971843422
226545,219.2736563613776
818034,242.1789462745936
1350396,0.0
863726,0.0
1102024,80.72631586228846
920385,0.0
1742722,0.0
1351841,101.87155742138212
1033484,110.08133921572434
1121864,330.24401764717305
724316,0.0
259557,152.25372429608552
748336,374.2765533334628
1716552,394.7522850078557
528643,126.2591860016319
1418258,0.0
1239927,50.93577871069106
543233,133.9514473336641
1273752,0.0
158219,42.519637638784864
1616929,0.0
1239587,178.2752254874187
25063,73.3417330450656
1605770,152.80733613207315
435355,80.70122570505377
1081517,0.0
499848,178.24826259053916
1003680,220.16267843144868
1086785,49.53660264707595
1744164,0.0
1197808,253.187080196166
1384917,50.93577871069106
824894,0.0
415397,0.0
1466462,0.0
407762,22.281032823817394
193551,114.19029322206416
1409601,534.8256764622562
460516,107.69165864845074
686259,124.7588515485782
246798,47.42676986783989
1680194,50.93577871069106
1501931,382.018340330183
1380285,0.0
1324243,331.0825616194919
950277,132.09760705886922
806002,176.1301427451589
1224083,271.53397094030123
462204,51.989076588907245
645652,0.0
289657,123.65973217218654
1376186,0.0
214838,96.55114223654203
629295,0.0
351711,139.0032615940426
1607481,169.78592954163838
1298263,114.60550209905487
554961,18.567527353181163
846236,165.12200882358653
1582310,305.61467226414635
403257,64.05796936847501
425758,94.18800239159172
584154,22.281032823817394
357882,133.6861969429044
1334511,0.0
1045111,0.0
1569765,0.0
327699,110.34416255604803
950463,0.0
775413,0.0
1029204,220.16267843144868
1339315,0.0
139975,51.989076588907245
601759,152.2537242960855
848199,242.1789462745936
1549490,63.66972338836383
1270354,59.42507617447591
1088427,154.1138749020141
1214822,220.16267843144868
1630917,0.0
599798,0.0
698558,143.10574098044165
1420744,0.0
1205273,0.0
1297069,0.0
1307301,322.5932656737116
1611909,254.6788935534553
1310594,0.0
1273429,0.0
586698,126.2591860016319
183257,92.17451078900648
1187439,0.0
608760,70.92795448915204
946202,0.0
391935,76.3921125388025
538053,139.25645514885872
1056944,0.0
231338,139.25645514885872
655285,132.09760705886922
249381,51.989076588907245
148215,198.6725426790385
1426480,0.0
1172832,0.0
1249055,0.0
1276442,483.8898977515651
715267,22.016267843144867
703020,66.04880352943461
696414,0.0
514345,130.5031922537876
1171096,227.50143525401157
619108,132.09760705886922
896569,0.0
1641244,0.0
1708924,203.74311484276424
1362589,106.11620615327456
1617900,0.0
121940,77.98361488336089
1118890,242.1789462745936
1180787,264.19521411773843
1430712,407.4862296855285
369115,32.493172868067035
729759,0.0
603755,133.6861969429044
1714951,0.0
1417343,0.0
675488,0.0
721414,0.0
832704,0.0
212646,78.10739839904876
1346686,288.6360803725857
937737,44.03253568628973
1043021,0.0
623986,0.0
431414,148.5402188254493
621,126.78968678315135
1186188,0.0
259054,178.24826259053916
1421555,0.0
1412368,0.0
823551,146.77511939172308
869653,0.0
1118974,121.0894731372968
607007,81.69712035399711
1415223,152.80733613207315
1391082,0.0
522276,48.275571118271024
1497634,0.0
1212842,198.1464105883038
548388,84.48224945697429
829716,374.2765533334628
1303130,331.0825616194919
370372,62.06859143777703
1252499,0.0
1246657,0.0
541275,92.8376367659058
680976,0.0
451933,0.0
680938,264.19521411773843
1058891,0.0
280879,47.34719475061196
478473,127.143353970831
862817,242.1789462745936
1434392,0.0
1682193,50.93577871069106
1710926,0.0
151433,87.26737855995147
603140,238.1225098865766
134919,216.98687647740348
948912,0.0
1541585,0.0
509621,94.69438950122392
1366638,0.0
1479070,305.61467226414635
1131908,0.0
1009235,95.40382819514232
2524,21.77464571418518
1131450,440.32535686289737
1708865,246.18959760767495
259807,0.0
1328781,101.87155742138212
1302624,0.0
471894,211.3322204198438
1035098,0.0
606655,22.281032823817394
518097,174.5347571199029
1687556,280.14678290880084
1696231,0.0
472105,81.69712035399711
1600730,0.0
135880,43.12730217034352
731892,293.55023878344616
1548597,0.0
1266500,0.0
239693,63.12959300081595
1052353,0.0
460765,63.12959300081595
522098,0.0
452202,79.52206714976732
1257692,0.0
496141,67.77147483911125
358315,61.27284026549784
1652873,305.61467226414635
1018027,0.0
1516879,0.0
103638,98.40789497186016
117088,77.98361488336089
896934,0.0
820677,0.0
1334422,560.2935658176017
1578533,0.0
1020461,0.0
551743,34.16425032985334
1384169,0.0
191375,92.09493567177856
720234,0.0
390931,240.0516036375565
596005,0.0
1381003,152.80733613207315
1176273,0.0
467506,193.1022844730841
1587926,280.14678290880084
1440463,229.21100419810975
700092,176.1301427451589
204175,65.9412471428691
349678,76.86956324217003
1711921,662.1651232389838
965616,73.38756035199745
785759,124.7588515485782
1475895,0.0
251588,157.5828457831674
904764,0.0
250269,77.98361488336089
1114801,572.4229639217666
243292,92.8376367659058
1072788,132.09760705886922
1102105,66.04880352943461
1436807,76.40366806603659
984882,44.03253568628973
1313281,0.0
457563,59.044736983116096
565443,157.8239825020399
1405350,101.87155742138212
439837,62.201216633156896
718514,0.0
1525400,0.0
956551,172.46076564614935
1506142,0.0
137320,38.37288986324106
692696,0.0
17816,62.20121663315691
1216509,88.06507137257947
1598868,152.80733613207315
1503602,0.0
1128725,0.0
409889,0.0
210880,13.368619694290436
563698,33.4215492357261
1503627,0.0
1321386,0.0
817037,0.0
386567,230.2373391794464
172467,170.82125164926669
1411494,331.0825616194919
634365,0.0
1665408,0.0
1439507,0.0
15148,14.854021882544927
300595,16.71077461786305
268824,89.68115711586503
195372,120.68892779567754
1014420,36.693780175998725
1648199,0.0
865614,396.2928211766076
32670,84.48224945697429
930915,190.8076550780128
915382,0.0
1450974,0.0
1482414,0.0
603624,103.97815317781448
1279636,16.97859340956519
650388,0.0
831194,0.0
725190,0.0
260887,0.0
1636644,0.0
1390389,267.4128382311281
959790,0.0
450072,89.12413129526958
1044233,161.45263172457692
1246378,0.0
146200,128.11593873695003
1195376,124.7588515485782
721506,0.0
1657015,135.8287442405125
667553,183.4688995677218
205214,114.05766802668428
1648064,254.6788935534553
1527668,314.1039697279312
1066261,0.0
1237922,178.2752254874187
1631722,0.0
1691795,93.38226147560178
12094,79.840367618679
1463281,0.0
1285372,0.0
772895,594.4392317649115
567447,117.90379869270038
698153,0.0
1497946,0.0
1087295,172.46076477130146
507916,30.63642013274892
469182,281.9732222135376
1123687,150.44449780300448
1042396,418.30908901975255
655065,66.04880352943461
546867,33.4215492357261
1088481,234.8401903268786
1205052,0.0
854571,0.0
1682529,152.80733613207315
458637,63.925344173095134
631640,0.0
928924,0.0
1283210,118.85015083094731
87506,89.12413129526958
707022,0.0
798299,0.0
458293,101.1488156763774
26851,64.61499518907044
960647,0.0
1361306,0.0
735063,66.04880352943461
1032988,88.06507137257947
1085319,88.06507137257947
1658891,195.2538188969839
840603,396.2928211766076
1520309,0.0
1732415,0.0
476739,99.75826059754606
1306828,382.018340330183
1485168,560.2935658176017
865941,66.04880352943461
424279,53.84582932422537
657748,0.0
1651525,0.0
826968,220.16267843144868
1530293,0.0
1284431,76.40366806603659
744530,374.2765533334628
217941,0.0
221686,66.8430984714522
1232481,0.0
1247179,0.0
1363595,0.0
841109,352.26028549031787
1321111,0.0
1602582,0.0
1334138,178.2752254874187
1458145,407.4862296855285
252568,44.89965705405627
1116389,242.1789462745936
1428242,0.0
854832,242.1789462745936
558645,200.52929541435657
1182383,0.0
1372736,0.0
894820,308.2277498040282
1592319,0.0
1643964,127.33944677672766
1337361,365.0397484386223
542464,66.10039737732495
921901,0.0
1587302,0.0
1018598,0.0
1546548,0.0
128085,98.40789497186016
921393,0.0
797497,183.4688995677218
782845,176.1301427451589
287869,193.9864524422832
941502,44.03253568628973
3619,48.02237756345492
738755,0.0
110144,129.97269147226814
1744918,0.0
358740,64.98634573613407
529180,96.55114223654203
954179,0.0
1481808,0.0
1325943,0.0
1346199,110.36085488516696
413994,67.10834886221193
769275,0.0
1409836,407.4862296855285
838790,330.24401764717305
1073916,205.48516741086664
300050,188.32777743940892
1713344,0.0
895847,0.0
1553496,0.0
699115,0.0
1728135,420.2201743632013
763167,0.0
884410,0.0
721024,154.1138749020141
1551898,0.0
169033,81.69712035399711
1101810,594.4392317649115
142713,214.5393387808478
1602237,483.8898977515651
368054,213.52656456158337
496264,51.989076588907245
612240,128.9116899092292
1273115,356.5504509748374
1092609,198.1464105883038
464194,75.62047503841055
1117727,0.0
623704,0.0
1371357,292.8807275864736
1665627,220.72170825232945
267599,79.46901707161538
810804,396.2928211766076
1405671,101.87155742138212
398018,118.83217506035945
820782,0.0
245390,100.01145415236216
576337,81.51144508046531
1146035,0.0
1637325,186.7645229512036
485821,141.11320788417683
1202490,0.0
1249225,0.0
309392,33.4215492357261
1001215,0.0
1095490,0.0
910431,0.0
316371,13.925645514885874
1102268,0.0
164903,7.427010941272464
1455489,280.14678290880084
996424,0.0
79017,0.0
561833,53.84582932422537
1483936,0.0
1485408,483.8898977515651
1749817,127.33944677672766
1424312,0.0
1691410,0.0
37804,50.92807502586834
806523,0.0
709696,44.03253568628973
1098192,0.0
102892,178.24826259053916
194633,53.84582932422537
269664,72.41335667740654
1598315,0.0
1163214,0.0
772527,0.0
856602,44.03253568628973
1169519,0.0
417875,46.41881838295291
109873,103.04977681015546
1405940,101.87155742138212
907895,0.0
863994,80.72631586228846
100592,73.89875886566102
1165243,0.0
1499424,0.0
488484,126.2591860016319
1411306,437.1987672667648
470388,219.09682276753776
500206,215.3833172969015
1579062,0.0
1634853,483.8898977515651
918528,220.16267843144868
242388,116.97542232504132
467766,211.6698118262653
1591924,687.6330125943293
708478,0.0
1713447,356.5504509748374
437324,139.25645514885872
167116,200.52929541435657
1399375,382.018340330183
812171,220.16267843144868
1708356,0.0
1425244,0.0
1556701,0.0
1567405,93.38226147560178
1462200,356.5504509748374
1294563,0.0
133220,159.51997742477636
814701,0.0
427404,194.9590372084022
300333,104.72085427194176
424891,9.28376367659058
1525315,0.0
841876,205.48516741086664
1274187,382.018340330183
1322104,0.0
785641,0.0
703015,0.0
1053949,0.0
763800,128.4282299598596
926688,0.0
743392,22.016267843144867
1669999,326.837914405604
770718,352.26028549031787
365358,110.4767877514279
968602,0.0
660845,0.0
72263,139.25645514885872
242299,91.35223457765132
827153,0.0
1584472,199.49846762887637
415388,40.84856017699856
709866,168.79138723486793
99076,235.55440383058465
1426152,0.0
80381,144.82671335481308
548726,90.98088403058767
512281,115.11866958972318
333872,96.55114223654203
100092,178.24826259053916
94693,63.99607761063106
919739,154.1138749020141
1563561,76.40366806603659
5537,40.84856017699856
1588798,229.21100419810975
106523,90.98088403058767
1455755,0.0
1179992,286.2114819608833
894470,0.0
139696,69.07120175383393
1393640,466.9113058600044
242569,27.851291029771748
1570039,415.9755271493133
1092052,0.0
1133979,418.30908901975255
256272,132.62519537986546
1013126,55.04066960786217
473061,232.09409191476453
1151425,154.1138749020141
1253449,0.0
249354,113.2619168544051
183390,170.82125164926669
916994,0.0
1493819,0.0
1554053,0.0
248029,80.26235687670585
228610,134.21669772442385
573433,0.0
1207226,0.0
75098,157.82398250203988
654021,0.0
8324,141.1132078841768
1223332,205.48516741086664
1014430,0.0
1718987,0.0
682563,363.2684194118904
148462,187.5320262671297
1037647,0.0
856447,0.0
1580623,356.5504509748374
726292,168.79138723486793
667459,0.0
354756,98.40789497186016
1049516,110.08133921572434
811469,51.37129250885258
1640918,0.0
1369574,0.0
541200,59.41608753017972
495762,126.2591860016319
899162,0.0
849769,0.0
95863,135.54294967822247
1276743,0.0
1370575,0.0
742961,176.1301427451589
1536816,127.33944677672766
723012,0.0
348724,216.17906846918063
348414,59.41608753017972
97585,198.93779306979815
597779,166.77015477220897
993967,0.0
447514,113.2619168544051
714940,0.0
1247521,0.0
419507,0.0
531148,90.98088403058767
1313844,0.0
1597775,382.018340330183
1173201,88.06507137257947
429172,115.11866958972318
998263,308.2277498040282
1249287,0.0
270785,53.84582932422537
815163,286.2114819608833
19361,53.33944221459316
1272827,0.0
1055877,0.0
990570,264.19521411773843
196324,127.7445881898864
484934,22.281032823817394
547506,80.6361187909582
844689,0.0
687742,249.5177030971564
520904,74.27010941272465
1518465,50.93577871069106
1376234,0.0
1226973,440.32535686289737
1544645,0.0
4889,50.13232385358914
1342961,0.0
1692544,0.0
348498,77.98361488336089
133561,93.01447035974564
1183024,0.0
587278,120.43573424086144
1277782,0.0
240906,68.6998512067703
1453706,0.0
524789,173.473755556864
430594,163.39424070799424
1704101,50.93577871069106
1501551,0.0
1504712,199.49846762887637
1255,112.51921576027785
1405909,76.40366806603659
789442,0.0
363526,176.39150985522102
991256,0.0
1643282,0.0
833642,0.0
628769,0.0
1032526,0.0
457708,66.33671136181997
404563,0.0
1417527,0.0
48847,100.75978176992976
384954,103.04977681015546
271439,0.0
409976,172.67800438458482
849203,154.1138749020141
763312,0.0
192735,141.48455843124046
1125194,396.2928211766076
1301440,186.7645229512036
814569,506.374160392332
425717,132.94349584877713
1538651,25.46788935534553
1538958,407.4862296855285
984412,0.0
123528,71.08710472360787
1212290,99.0732052941519
1301972,178.2752254874187
1675214,0.0
909418,253.187080196166
1267701,0.0
1549287,0.0
1121553,0.0
192915,39.9201838093395
643892,95.40382819514232
258763,0.0
1167261,0.0
237111,79.840367618679
423985,83.55387308931523
1379272,560.2935658176017
1540084,0.0
799179,55.04066960786217
1196769,0.0
931716,330.24401764717305
1237998,50.93577871069106
633386,66.04880352943461
90343,176.6567602459808
1724925,0.0
1662080,263.16819101724013
979661,58.71004801914359
1207536,176.1301427451589
989867,143.10574098044165
472627,202.0484567432532
344472,11.140516411908695
1670063,76.40366806603659
1510448,0.0
218110,0.0
487666,210.47618506784644
1176404,0.0
681569,0.0
1319564,280.14678290880084
232446,211.41661827144915
44345,137.66495280430033
358291,27.851291029771748
842849,0.0
1654309,0.0
1010013,0.0
1733281,0.0
1156655,66.04880352943461
822606,0.0
166598,180.1050153258573
1299127,152.80733613207315
430766,125.33080963397283
1153230,176.1301427451589
595966,174.5347571199029
1313043,0.0
673308,0.0
940396,0.0
1614699,229.21100419810975
1609032,0.0
1367431,174.03057827353078
737515,315.566506626591
790595,198.1464105883038
883902,0.0
367167,88.7865398888481
50155,51.989076588907245
1144894,110.08133921572434
518204,157.82398250203988
251182,129.97269147226814
105033,61.27284026549784
385772,254.37512473858192
1143969,0.0
1097176,0.0
1752851,0.0
725662,0.0
1479103,509.3577871069106
972869,0.0
1028725,0.0
257347,75.75551160097915
1494992,165.54128080974596
531804,194.9590372084022
699582,0.0
621773,0.0
1052536,0.0
611708,136.65700131941335
1287460,0.0
6784,0.0
187541,110.34416255604806
588966,40.595366622182446
1559780,0.0
1447746,152.80733613207315
1178019,212.82392292115765
1625666,254.6788935534553
1007967,0.0
1084936,396.2928211766076
1378766,0.0
596324,177.40428407448547
971497,0.0
1543466,0.0
48367,133.6861969429044
298663,116.04704595738228
1626479,0.0
152980,104.79801802198094
24988,59.162893975363616
1562317,0.0
604411,189.13558544763177
287812,146.6834660901312
574011,128.69948959662142
206286,163.3942407079942
1373786,420.2201743632013
243731,33.4215492357261
871110,242.1789462745936
634412,0.0
863902,0.0
770620,0.0
1285749,0.0
1556657,0.0
748458,0.0
815619,0.0
377109,51.43205076831183
479786,122.54568053099568
678791,506.374160392332
1108586,0.0
520944,0.0
112017,189.38877900244785
33111,127.86274518213392
1621668,458.4220083962196
547921,111.405164119087
1243372,0.0
1005780,0.0
318637,122.03929342136344
950653,0.0
1493581,50.93577871069106
983004,0.0
1250837,165.54128080974596
259851,193.1022844730841
327441,187.5320262671297
1121420,308.2277498040282
1729889,407.4862296855285
45438,111.82715337711382
230683,81.19073324436489
1126167,0.0
1384621,89.13761274370935
626633,198.1464105883038
1023142,0.0
361692,154.11047703140363
787254,0.0
1929,22.281032823817394
436814,133.6861969429044
1726846,0.0
1461150,0.0
925309,198.1464105883038
205182,87.10822832549562
1632434,0.0
115778,102.1214004424964
289804,99.75826059754606
1656550,229.21100419810975
1050533,275.20334803931087
979015,11.008133921572432
739734,0.0
1192016,0.0
1332212,314.1039697279312
209601,104.98610466270148
1541065,0.0
1739476,0.0
655002,0.0
40201,93.76601313356488
104287,66.8430984714522
328408,0.0
1125009,0.0
330451,117.90379869270038
1427544,0.0
365451,122.29248697617956
16234,105.83490591313264
1418604,101.87155742138212
485047,44.56206564763479
645147,0.0
1286099,0.0
1242563,0.0
1060129,0.0
794267,0.0
1142582,0.0
49083,107.16115786693128
365644,56.44528315367074
588735,51.989076588907245
1088904,80.72631586228846
889470,51.37129250885258
1201504,0.0
549254,111.74275552550846
290747,103.71290278705476
1299005,165.54128080974596
837641,396.2928211766076
816863,187.1382766667314
1032102,44.03253568628973
975349,0.0
1591017,0.0
774617,341.2521515687455
1571692,0.0
572042,105.58171235831652
730545,0.0
506845,174.02837001027072
379857,73.47435824044545
412679,101.61501333286418
1424656,0.0
392338,118.57898150554334
384026,174.26950672914322
842618,0.0
235618,103.97815317781448
295049,189.38877900244785
15642,56.81663370073436
1351171,271.65748696302046
1046341,0.0
234323,96.55114223654206
1738174,0.0
673562,286.2114819608833
551946,69.62822757442936
477805,97.8773941903407
1067691,0.0
1537257,0.0
1602659,254.6788935534553
470733,168.89215789828685
1334854,0.0
119705,57.89692620128308
249058,68.44665765195418
834984,0.0
1309933,0.0
1168095,154.1138749020141
816045,0.0
1328960,50.93577871069106
525184,100.26464770717828
1401455,0.0
968338,146.77511939172308
1725050,0.0
154623,122.54568053099568
649655,0.0
1512289,0.0
574076,134.80024858409524
800226,110.08133921572434
1181083,66.04880352943461
1435774,50.93577871069106
1673501,84.89296552982144
713609,440.32535686289737
10186,34.34992560338515
1378527,369.2843956525102
1396051,0.0
707068,0.0
368809,148.5402188254493
134203,110.34416255604803
827973,220.16267843144868
1365194,0.0
1138047,506.374160392332
791016,88.06507137257947
347431,148.2026274190278
1290089,0.0
683409,220.16267843144868
857481,249.5177030971564
185894,39.41379669970729
366790,118.83217506035945
151085,146.6834660901312
390872,107.69165864845074
755815,0.0
1236866,0.0
24419,151.74733718645334
20707,0.0
755911,0.0
96767,168.96449891394855
1110237,124.7588515485782
1416627,224.96635698422187
572399,83.55387308931523
120619,55.702582059543495
520087,160.21123601887746
435212,122.54568053099568
893203,440.32535686289737
1075761,0.0
45247,158.75235886969895
131945,126.2591860016319
1667998,97.6269102074942
1661649,0.0
874710,0.0
913253,0.0
1324179,169.78592954163838
126644,109.54841138376884
1288063,114.60550209905487
1619728,0.0
263280,148.5402188254493
1138984,0.0
1278464,203.74311484276424
229638,35.27830197104421
634781,0.0
557482,40.84856017699856
569072,87.26737855995147
374898,135.5429496782225
1382161,152.80733613207315
1716406,0.0
918425,0.0
1471836,305.61467226414635
1361598,0.0
1026554,117.42009603828718
893667,0.0
510186,89.12413129526958
1630571,0.0
1670368,0.0
1638767,0.0
658278,374.2765533334628
410385,40.84856017699856
872190,0.0
892853,154.1138749020141
1037370,0.0
1292437,178.27522700542323
1538505,203.74311484276424
1048793,0.0
1051679,249.5177030971564
1581552,25.46788935534553
337599,163.3942407079942
1187395,132.09760705886922
1413822,76.40366806603659
1411602,178.2752254874187
804141,0.0
1035429,0.0
322408,142.35104304105556
1409560,63.66972338836383
462008,0.0
370452,100.26464770717828
1442653,509.3577871069106
1444685,0.0
1331459,67.91437212025625
211897,60.47708909321865
794347,110.08133921572434
1446968,424.4648230950937
1718069,0.0
258229,109.81366177452858
786349,418.30908901975255
1434608,0.0
1196094,528.3904282354769
844400,0.0
88314,239.0147157464048
796791,124.7588515485782
777503,0.0
615858,60.715814444902406
1176327,308.2277498040282
125364,105.83490591313264
750886,88.06507137257947
1378125,0.0
1530335,178.2752254874187
1095793,121.0894731372968
1082070,0.0
1409241,0.0
1347999,0.0
873264,66.04880352943461
1407525,50.93577871069106
435904,271.085899356445
1382074,0.0
614329,55.702582059543495
1101455,44.03253568628973
351895,82.62549672165616
739446,0.0
845848,0.0
92696,183.5653272416774
1527468,203.74311484276424
312938,94.95963989198366
81136,245.09136106199136
863934,528.3904282354769
229454,122.29248697617956
985800,0.0
358252,37.135054706362325
1258008,0.0
706468,128.4282299598596
1223517,58.71004801914359
810210,374.2765533334628
1286605,0.0
41333,140.77561647775536
1512237,0.0
1116379,0.0
1200857,44.03253568628973
1727991,0.0
764691,132.09760705886922
1454156,0.0
1662236,135.8287442405125
1005973,528.3904282354769
1224516,0.0
904146,0.0
604427,119.76055142801852
826676,227.50143525401157
1653124,50.93577871069106
1237417,152.80733613207315
1331230,0.0
922166,0.0
1513123,271.65748696302046
1559258,280.14678290880084
467449,138.63753757041934
439073,51.989076588907245
734629,0.0
1267284,0.0
996102,0.0
1202488,0.0
1263536,237.70030166189463
1098077,0.0
564592,77.99567171930451
105178,52.25432697966698
89804,68.6998512067703
699580,264.19521411773843
433181,89.12413129526958
146188,107.69165864845074
1038283,242.1789462745936
569748,88.87093774045348
893,77.47722777372867
693978,0.0
1624061,432.9541190408741
1706306,483.8898977515651
767851,183.4688995677218
359947,72.78470722447015
231070,122.54568053099568
492170,120.68892779567754
1543353,0.0
1447868,0.0
1503209,0.0
568015,25.62318774739
1529094,203.74311484276424
849732,550.4066960786217
1086961,337.58277446973585
1403558,101.87155742138212
948191,0.0
707100,0.0
165191,43.63368927997573
1583422,0.0
180335,177.74187548090694
1638830,420.2201743632013
598972,81.69712035399711
553632,34.77191486141199
1114718,22.016267843144867
1637502,0.0
358642,78.37264878980848
65892,107.69165864845074
320417,141.11320788417683
1484610,534.8256764622562
181711,148.5402188254493
861695,396.2928211766076
727239,0.0
1184574,528.3904282354769
192682,59.41608753017973
385054,133.3486055364829
558306,62.623205891183744
1501379,101.87155742138212
1094813,0.0
113963,122.54568053099568
748418,183.4688995677218
1250771,0.0
801850,0.0
421415,58.379199639028045
1110080,0.0
370054,49.20394748593008
224510,157.45263195497623
956734,0.0
1064445,0.0
430076,165.25099344331232
1263793,0.0
1279371,203.74311484276424
212770,63.50094354787959
434811,267.11920033099267
1659167,0.0
1694190,0.0
1050566,0.0
1114285,0.0
600303,73.3417330450656
99633,215.38331729690148
319341,223.738704605833
564532,49.76097330652552
527907,66.8430984714522
630445,484.3578925491872
955773,0.0
915106,231.17081235302112
690009,227.50143525401157
250191,59.41608753017972
1498375,127.33944677672766
845730,161.45263172457692
1755519,0.0
488632,137.06211100711914
1296204,0.0
1417468,63.66972338836383
1426654,356.5504509748374
1745174,0.0
808894,212.82392292115765
60461,55.702582059543495
506608,185.67527353181163
132123,133.6861969429044
223403,133.6861969429044
929954,220.16267843144868
1488312,152.80733613207315
301713,115.11866958972318
852910,220.16267843144868
484319,66.8430984714522
774177,146.77511939172308
1439495,178.2752254874187
1660084,38.20183403301829
469810,0.0
942701,352.26028549031787
566452,86.16538375470422
1124249,0.0
687880,44.03253568628973
614198,79.33398050904678
753164,0.0
1538545,0.0
654524,0.0
759271,0.0
181849,79.84036761867901
65428,51.989076588907245
298337,206.09955362031093
728001,132.09760705886922
1348849,152.80733613207315
1500012,0.0
1515072,687.6330125943293
205005,170.82125164926669
300316,113.63326740146871
73177,81.19073324436489
759104,22.016267843144867
739966,88.06507137257947
725117,231.17081235302112
560709,112.75552974477289
85300,131.82944420758628
15007,77.22403421891256
790554,110.08133921572434
1394256,394.7522850078557
310171,64.98634573613406
800667,0.0
310692,139.52170553961844
581086,22.281032823817394
108872,51.98907658890726
356555,124.66768365707352
1117178,249.5177030971564
846584,0.0
1012363,0.0
1404614,0.0
1676825,50.93577871069106
612379,28.14065509241873
1651617,356.5504509748374
627932,264.19521411773843
1496444,0.0
1741905,0.0
1581318,0.0
1156379,132.09760705886922
490975,83.55387308931523
1463809,76.40366806603659
312613,94.69438950122392
585859,128.11593873695003
1585601,0.0
931872,308.2277498040282
1201237,286.2114819608833
346384,150.3969715607674
807810,198.1464105883038
915543,0.0
1474371,50.93577871069106
491906,73.93251800630318
1708017,0.0
902340,440.32535686289737
1432434,0.0
507816,83.21628168289375
1305023,0.0
1537000,0.0
415572,0.0
89615,130.9010678399272
578720,0.0
590962,107.69165864845075
879096,0.0
1673758,229.21100419810975
143181,215.38331729690148
1034758,0.0
1114273,99.0732052941519
1462127,0.0
917632,0.0
261106,123.89604615668158
1441377,0.0
393550,72.17221995853404
516021,132.094694598346
781699,220.16267843144868
1366914,764.036680660366
815866,286.2114819608833
767252,0.0
57361,68.16935042525084
1630810,203.74311484276424
1221827,264.19521411773843
1685674,0.0
1129208,528.3904282354769
1321981,0.0
1643668,152.80733613207315
343055,172.67800438458482
994434,0.0
443849,88.8829945763971
904637,0.0
1051611,308.2277498040282
358494,113.008723299589
39023,79.33398050904678
338510,129.97269147226814
215129,139.25645514885872
578995,89.12413129526956
334240,63.12959300081595
219907,100.26464770717828
310786,23.8845920043194
1411343,0.0
766593,66.04880484170643
76193,161.53748797267613
309490,48.275571118271024
805082,0.0
613532,105.83490591313264
1500091,0.0
77518,0.0
151009,113.2619168544051
219662,0.0
1097603,242.1789462745936
1644683,55.18042744258348
715520,0.0
1710850,0.0
74485,9.28376367659058
359779,75.25153585853565
1609762,0.0
1603711,0.0
496945,131.82944420758625
134132,148.5402188254493
539814,101.06039887945748
138716,129.97269147226814
421322,94.95963989198364
1038313,242.1789462745936
992785,0.0
175584,193.1022844730841
815986,0.0
148519,42.70531291231667
209484,74.27010941272465
1392200,0.0
776030,231.17081235302112
130292,55.19619494991127
1537613,0.0
916587,0.0
869397,440.32535686289737
685858,14.677512332853851
1064934,0.0
1527080,42.44648276491072
126292,159.680735237358
159025,99.75826059754608
1505035,118.85015083094731
946338,0.0
1506025,0.0
647671,88.06507137257947
5152,44.56206564763478
417314,63.87229409494319
1313033,76.40366806603659
1510019,203.74311484276424
1544608,458.4220083962196
250408,88.61774418563738
1688877,0.0
1133080,51.37129250885258
143811,66.8430984714522
312617,27.851291029771748
1123491,0.0
648508,44.03253568628973
1584006,0.0
123287,76.86956324217002
1344820,0.0
334474,131.82944420758625
1386062,0.0
547497,0.0
1678236,0.0
334023,163.14104715317814
1008822,0.0
942501,132.09760705886922
369741,109.54841138376884
1729077,0.0
1488051,0.0
352202,5.570258205954349
1138291,396.2928211766076
677239,0.0
1577285,0.0
518783,77.24091378923363
353643,83.42124789393536
680449,242.1789462745936
954249,209.15454450987627
289606,192.849090918268
1598949,0.0
1197262,0.0
1334759,483.8898977515651
1412410,0.0
780752,124.7588515485782
1028180,0.0
857984,198.1464105883038
1728033,0.0
180080,109.54841138376888
1054799,73.38756035199745
996746,0.0
1527334,0.0
640445,165.12200882358653
1092936,146.77511939172308
260654,185.67527353181163
1443206,0.0
421709,63.55158225884281
352258,108.11364790647757
286215,137.5765360073804
1238092,101.87155742138212
991650,0.0
1683564,0.0
1500443,305.61467226414635
1581065,0.0
1263240,0.0
56780,0.0
1263701,0.0
339703,96.55114223654203
389001,83.55387308931522
35311,189.38877900244785
1602314,0.0
632132,0.0
279004,83.92522363637886
1614263,0.0
1432584,0.0
1563469,0.0
1633015,50.93577871069106
1035188,0.0
77940,66.8430984714522
119654,0.0
261724,44.56206564763479
1243523,127.33944677672766
29192,135.47060866256072
452806,77.98361488336089
920306,0.0
592474,88.19575492761051
92574,96.55114223654203
308379,149.28291991957656
869165,154.1138749020141
1205284,0.0
976776,0.0
1458272,0.0
689096,0.0
21041,24.137785559135512
522332,53.84582932422537
1075255,77.05693745100704
1197548,352.26028549031787
452348,185.67527353181163
532902,129.97269147226814
1068242,29.355024665707703
193447,122.54568053099568
67567,78.47312242267202
189009,94.69438950122392
448477,172.67800438458482
579414,211.6698118262653
1133691,0.0
358266,87.53262895071119
333286,170.48366024284522
87854,83.55387308931523
1709050,144.31804018629285
385946,55.44938850472738
631,33.4215492357261
548753,68.96510159753004
1311367,0.0
1489169,0.0
454795,70.30341038727231
660744,0.0
577402,102.1214004424964
1413728,0.0
1453694,216.47705952043705
998714,198.1464105883038
443239,103.97815317781448
644105,359.5990423128808
950476,0.0
935345,44.03253568628973
1143629,220.16267843144868
185583,109.54841138376884
843617,0.0
1234770,0.0
829556,242.1789462745936
1458684,0.0
1473287,0.0
1460758,0.0
1235019,0.0
1355091,229.21100419810975
249425,0.0
1108263,275.20334803931087
1197888,212.82392292115765
289352,116.97542232504132
647185,88.06507137257947
391891,112.14786521321425
1225068,0.0
659049,0.0
1728380,0.0
387012,163.39424070799424
717439,0.0
190608,55.702582059543495
496039,96.29794868172596
1019984,44.03253568628973
1190833,0.0
1077754,0.0
1093844,308.2277498040282
1710035,0.0
766377,0.0
434846,0.0
430631,137.3997024135406
479548,55.702582059543495
785160,22.016267843144867
432020,127.87480201807756
895610,286.2114819608833
823852,0.0
711339,0.0
630466,418.30908901975255
965652,168.79138723486793
770198,154.1138749020141
899226,176.1301427451589
1387671,331.0825616194919
825670,242.1789462745936
114043,98.40789497186016
1719557,0.0
486607,109.04202427413664
852322,418.30908901975255
390953,96.66929922878955
1512521,165.54128080974596
793472,102.74258370543332
1488782,0.0
998840,209.15454450987627
1189242,0.0
1515463,178.2752254874187
1402113,0.0
1663321,93.38226147560178
1461063,305.61467226414635
755645,0.0
1001958,264.19521411773843
1305518,394.7522850078557
1275440,0.0
1409506,0.0
830975,187.1382766667314
800117,146.77511939172308
779800,0.0
106991,118.83217506035945
817761,0.0
440430,35.649652518107835
913872,484.3578925491872
758152,58.71004801914359
282604,33.4215492357261
1324768,343.81650629716466
1071629,0.0
863164,550.4066960786217
820358,0.0
1243841,101.87155742138212
1718245,0.0
1261464,0.0
537923,125.33080963397283
801771,0.0
1003088,110.08133921572434
1148450,0.0
369452,67.77147483911125
730847,0.0
278953,68.22240050340278
1646363,0.0
163652,94.69438950122392
20259,0.0
668665,0.0
1364403,0.0
231409,133.6861969429044
154333,40.84856017699856
1182931,99.0732052941519
1459129,0.0
125898,29.708043765089855
1734692,305.61467226414635
977754,0.0
736949,187.1382766667314
672578,194.47703348929423
435404,100.26464770717828
1622242,178.2752254874187
1083772,0.0
1397418,0.0
341607,0.0
1227219,396.2928211766076
1046504,286.2114819608833
646513,88.06507137257947
870628,0.0
503396,166.04674461559154
1113688,220.16267843144868
1318407,0.0
829867,462.34162470604224
193197,51.989076588907245
312455,122.54568053099568
701679,352.26028549031787
1541738,0.0
1214689,110.08133921572434
1269976,0.0
1276904,0.0
378607,94.69438950122392
680322,132.09760705886922
463823,75.56983632744733
147653,152.25372429608552
1455101,0.0
81787,89.12413129526958
41094,74.27010941272465
1604178,0.0
1065938,242.1789462745936
151917,115.11866958972318
1560366,0.0
577525,90.98088403058767
1592246,305.61467226414635
489093,70.55660394208842
29327,204.2428008849928
454731,115.11866958972318
906936,0.0
852682,231.17081235302112
965025,0.0
1586707,0.0
65093,46.41881838295291
1519467,0.0
306017,131.82944420758628
636657,0.0
1313335,220.72170825232945
372392,167.10774617863046
1181416,220.16267843144868
1485543,0.0
516298,118.57898150554334
1224580,462.34162470604224
176853,70.5566039420884
1332696,611.2293445282927
579657,84.48224945697429
401008,118.32578795072725
78896,0.0
33248,66.8430984714522
1188491,242.1789462745936
1096697,0.0
1722635,0.0
474128,81.19073324436489
753404,0.0
772327,58.71004801914359
1261827,229.21100419810975
893435,0.0
81408,33.4215492357261
773763,0.0
387435,173.6063807522439
790007,0.0
1279743,0.0
1465303,0.0
252739,191.245531737766
956377,154.1138749020141
296242,55.702582059543495
1030376,44.03253568628973
1122367,308.2277498040282
599544,211.41661827144915
52348,66.33671136181998
1483037,0.0
1091973,374.2765533334628
1507375,382.018340330183
476664,135.5429496782225
1534068,140.07339145440042
102344,107.69165864845075
708269,0.0
410554,63.12959300081595
1069142,0.0
1215616,0.0
918918,179.7995211564404
40501,166.86660945975797
1081067,44.03253568628973
1670751,203.74311484276424
47516,115.11866958972318
210993,181.96176806117535
1133198,425.6478458423153
1267060,0.0
1154097,44.03253568628973
1017129,220.16267843144868
299334,0.0
857078,0.0
832886,66.04880352943461
1088557,0.0
789668,80.72631586228846
423082,0.0
1205746,205.48516741086664
694563,66.04880352943461
591417,76.86956324217002
833212,0.0
1465522,0.0
651713,88.06507137257947
486331,139.52170553961844
1290071,178.2752254874187
1469247,0.0
335181,118.59103834148696
458672,86.1533269187606
1721349,203.74311484276424
1258909,0.0
123500,52.91745295656632
461919,91.90926039824676
519083,124.7737838133774
1424937,0.0
456392,111.405164119087
915516,0.0
1707921,110.36085488516696
311428,11.140516411908695
766781,0.0
327169,74.60046671757996
843479,58.71004801914359
304290,152.25372429608552
1287562,229.21100419810975
692220,66.04880352943461
1756183,0.0
1162697,0.0
731436,0.0
640304,55.04066960786217
938387,88.06507137257947
328348,125.92159459521042
605383,22.281032823817394
251468,137.39970241354064
272285,74.27010941272465
693863,176.1301427451589
406672,66.8430984714522
946207,293.55023878344616
1313181,254.6788935534553
4458,215.38331729690148
1287789,0.0
20267,100.26464770717828
798624,256.8564586074474
1383323,0.0
1470167,0.0
997194,0.0
1693834,101.87155742138212
1272868,0.0
72405,55.702582059543495
203009,100.26464770717828
292103,68.6998512067703
462450,189.13558544763177
1654048,0.0
1276003,135.8287442405125
1116506,440.32535686289737
1472042,0.0
801483,0.0
695115,0.0
933113,0.0
1196479,308.2277498040282
1357632,174.03057827353078
1512091,0.0
1286266,199.49846762887637
1354785,356.5504509748374
1509897,0.0
840703,0.0
85728,56.63095842720255
290985,202.49054072785276
1525713,0.0
838703,55.04066960786217
1511445,0.0
616717,33.4215492357261
162026,57.05294768522939
766253,0.0
820805,0.0
383632,137.3997024135406
202997,47.34719475061196
905771,198.1464105883038
1378769,152.80733613207315
1288689,0.0
660872,143.10574098044165
693606,121.0894731372968
193707,79.840367618679
1509295,216.47705952043705
1699287,0.0
430515,72.41335667740654
1382755,50.93577871069106
794910,0.0
85756,189.38877900244785
1590314,229.21100419810975
424821,61.27284026549784
586006,138.32807878119965
1253545,432.9541190408741
1434337,0.0
1054508,36.693780175998725
634407,77.05693745100704
3350,120.68892779567754
758136,0.0
390472,156.3385803137854
1752128,0.0
356336,72.16016312259043
1227189,165.12200882358653
636273,0.0
522976,46.41881838295291
90375,245.09136106199136
42541,181.96176806117535
386097,122.54568053099568
284704,140.77561647775534
1650415,0.0
969493,0.0
244792,24.137785559135512
224128,90.98088403058767
142590,103.35923559937513
1278902,0.0
1664436,369.2843956525102
1307759,0.0
281832,33.4215492357261
1404470,0.0
1614547,229.21100419810975
886547,0.0
1567486,241.94494887578256
610258,17.824826259053918
996362,0.0
1274743,0.0
1473187,127.33944677672766
774670,374.2765533334628
515789,118.83217506035945
1389491,0.0
1174637,0.0
1354570,76.40366806603659
305634,66.8430984714522
1208805,242.1789462745936
1131627,0.0
726838,0.0
860144,440.32535686289737
599183,110.4767877514279
933641,0.0
1123888,0.0
31116,135.5429496782225
1605454,0.0
1037207,0.0
1094959,88.06507137257947
139077,137.3997024135406
1722810,0.0
676658,88.06507137257947
732358,0.0
397431,25.994538294453623
1421016,101.87155742138212
1090009,528.3904282354769
260390,128.11593873695003
1258425,0.0
14256,33.4215492357261
938504,110.08133921572434
591689,109.29521782895276
909090,0.0
1728348,0.0
1331356,114.60550209905487
980623,0.0
1634732,0.0
502945,102.1214004424964
251786,81.69712035399711
1578428,339.5718590832768
111179,86.76099145031925
863399,0.0
790450,0.0
1545594,0.0
340796,101.19302407483733
1169653,0.0
751570,0.0
361952,91.72358512471492
1582787,0.0
1334083,212.2324123065491
48522,0.0
1645145,0.0
385348,170.82125164926669
841311,0.0
1338770,0.0
632137,139.43636388143204
1182010,0.0
184723,233.95084465008264
1586244,63.66972338836383
1165318,0.0
1000062,484.3578925491872
1119995,0.0
24483,94.69438950122392
964021,256.8564586074474
373895,96.04475512690983
930441,172.46076564614935
1492577,50.93577871069106
128513,40.84856017699856
1302291,0.0
615680,55.702582059543495
1408927,186.7645229512036
287789,0.0
242332,90.7397473117152
1258135,0.0
249590,93.58033786003304
326309,62.46646702391663
611395,40.84856017699856
1239057,0.0
791353,0.0
1213536,275.20334803931087
403353,19.31022844730841
1380018,0.0
1528163,0.0
1581761,50.93577871069106
52995,196.81578994372032
1348403,0.0
806978,209.15454450987627
897460,132.09760705886922
1223620,183.4688995677218
1232368,0.0
1147916,0.0
501049,189.38877900244785
754720,253.187080196166
420545,40.84856017699856
1373630,0.0
748085,429.3172229413249
887361,44.03253568628973
1062167,0.0
729216,396.2928211766076
1510125,322.5932656737116
247966,8.912413129526959
808793,0.0
1650248,0.0
1132956,308.2277498040282
1091579,66.04880352943461
1705436,144.31804018629285
683167,462.34162470604224
1287565,0.0
1003504,286.2114819608833
55989,64.98634573613407
831455,550.4066960786217
2783,37.135054706362325
1328018,0.0
1367301,254.6788935534553
40254,152.25372429608552
948154,660.4880352943461
422968,85.14537543387361
985574,0.0
729384,359.5990423128808
18551,94.69438950122392
1701641,0.0
1314515,0.0
1326462,216.47705952043705
1497849,0.0
652387,132.09760705886922
807892,0.0
591824,172.67800438458482
1655156,356.5504509748374
1106989,0.0
988294,88.06507137257947
1071366,0.0
1397096,254.6788935534553
894629,168.79138723486793
1707222,0.0
187163,19.49590372084022
594437,116.63783091861984
833014,154.1138749020141
1361499,178.2752254874187
1181159,0.0
804896,0.0
848640,22.016267843144867
1255580,0.0
99767,170.82125164926669
779870,176.1301427451589
1462657,0.0
106195,144.82671335481308
524021,137.3997024135406
1711093,0.0
988039,0.0
984506,0.0
827110,0.0
900056,330.24401764717305
1023252,44.03253568628973
708134,110.08133921572434
531061,222.810328238174
104005,230.2373391794464
1529734,101.87155742138212
542429,107.32030810138713
137691,110.66246302495976
1017471,0.0
595438,48.02237756345492
427985,200.52929541435657
592415,139.25645514885872
651292,44.03253568628973
473084,229.7309520698142
1417671,0.0
1351356,0.0
324981,211.6698118262653
1505917,0.0
682255,176.1301427451589
1577867,169.78592954163838
1451640,0.0
1702748,101.87155742138212
467094,135.5429496782225
213425,78.24886527412062
1576470,0.0
1228583,0.0
993899,88.06507137257947
1417975,76.40366806603659
1205369,264.19521411773843
172971,204.2428008849928
210210,84.88012504311388
448513,107.69165864845074
900505,0.0
568228,207.95630635562904
411583,118.83217506035945
233443,213.5265645615834
973890,308.2277498040282
373961,115.38391998048294
1387606,0.0
168800,124.4024332663138
681937,264.19521411773843
1172810,0.0
562921,38.99180744168044
191779,103.97815317781448
1219515,22.016267843144867
828922,374.2765533334628
1239918,101.87155742138212
609772,0.0
1634554,280.14678290880084
391181,135.70209991267834
848542,0.0
973572,176.1301427451589
1540378,0.0
718793,132.09760705886922
622066,0.0
725649,0.0
1006115,0.0
837857,154.1138749020141
821263,308.2277498040282
1669953,0.0
85965,189.38877900244785
1617763,0.0
1528255,203.74311484276424
563599,94.18800239159172
891266,0.0
226241,0.0
408617,111.405164119087
236008,107.69165864845074
1124578,0.0
393754,211.41661827144915
1535294,76.40366806603659
661787,550.4066960786217
1326726,152.80733613207315
107611,0.0
658612,264.19521411773843
1357675,0.0
951597,0.0
1693399,318.3486169418191
1348173,152.80733765007767
1711585,101.87155742138212
1232399,0.0
124540,80.76874398633807
81008,0.0
992441,374.2765533334628
1609303,0.0
1166465,286.2114819608833
187146,215.38331729690148
1509212,0.0
341236,72.41335667740654
880787,462.34162470604224
235007,185.33768212539016
808006,110.08133921572434
1245211,0.0
871810,0.0
1168446,0.0
862572,0.0
93632,0.0
1355883,0.0
1169604,0.0
1148207,0.0
645941,0.0
1614312,254.6788935534553
1739169,0.0
33745,170.82125164926669
1247646,250.43424633956735
323461,125.198184438593
206322,0.0
699440,0.0
262729,122.54568053099568
1461163,178.2752254874187
942905,0.0
120970,155.96722976672177
39600,111.405164119087
1663707,0.0
6629,16.71077461786305
859184,176.1301427451589
1503321,0.0
255506,87.26737855995145
411313,29.708043765089855
1103106,44.03253568628973
861124,198.1464105883038
424293,72.67860706816627
377929,77.05523851570182
744959,440.32535686289737
920111,0.0
45636,213.52656456158337
1597666,356.5504509748374
1404316,0.0
1611871,0.0
413491,98.40789497186016
57140,56.25960788013892
1504159,157.0519848639656
950339,139.43636388143204
1272176,0.0
617877,97.4795186042011
977376,132.09760705886922
898464,44.03253568628973
624514,0.0
389404,67.77147483911125
674458,124.7588515485782
1354013,352.3058037609495
955697,36.693780175998725
1321541,0.0
217022,133.6861969429044
669939,0.0
661867,594.4392317649115
575244,161.53748797267613
1745242,407.4862296855285
1677286,0.0
765893,0.0
850111,0.0
1327921,0.0
555150,98.15470141704404
337018,300.7939431215348
1414748,0.0
1526079,169.78592954163838
1191949,231.17081235302112
241902,55.331231512479874
105205,40.84856017699856
1442,103.99021001375814
10604,112.33354048674602
1326357,0.0
70945,97.34689340882124
1101440,209.15454450987627
795684,0.0
1023954,300.88899429373714
168584,129.71949791745203
1702786,0.0
1680415,127.33944677672766
315696,124.69179732896076
1271951,127.33944677672766
667563,0.0
1133430,110.08133921572434
307278,38.99180744168044
1233823,0.0
32541,75.7892707416213
1701520,178.2752254874187
790420,0.0
528637,0.0
701609,0.0
1396166,611.2293445282927
710819,0.0
406404,0.0
316006,0.0
1530163,0.0
352003,51.98907658890726
465273,201.4576717820156
555325,116.97542232504132
278047,70.55660394208842
1119087,366.93779782317176
342410,100.26464770717828
1591343,0.0
241681,96.55114223654203
227876,152.2537242960855
789432,0.0
1375263,305.61467226414635
625211,0.0
1107642,0.0
394804,167.10774617863046
1479132,0.0
1006171,0.0
1436053,101.87155742138212
413714,139.25645514885872
323990,121.6173041633366
1179396,95.40382819514232
303030,22.281032823817394
1602459,0.0
1575735,0.0
1603851,441.4434165046589
1652220,50.93577871069106
903938,80.72631586228846
1540858,331.0825616194919
767949,0.0
1629483,63.66972338836383
1490115,178.2752254874187
1274572,178.2752254874187
75470,106.10015630389236
1386930,0.0
91287,129.97269147226814
1337167,0.0
1753063,0.0
1362458,0.0
459781,115.11866958972318
850166,66.04880352943461
472112,172.67800438458482
515276,13.368619694290436
438552,0.0
869496,110.08133921572434
1527954,0.0
261349,0.0
1510673,0.0
960114,0.0
641965,0.0
673046,0.0
1294851,0.0
395375,74.27010941272465
853306,0.0
1266807,509.3577871069106
264815,215.38331729690148
236287,107.69165864845074
1442441,534.8256764622562
130440,105.07532524868432
1469996,0.0
1704616,0.0
497032,167.10774617863046
384180,102.0153002861925
1696311,0.0
649322,110.08133921572434
1731656,331.0825616194919
99549,100.01145415236216
1184185,0.0
1502299,331.0825616194919
470309,125.69331850134446
609490,48.275571118271024
1224985,0.0
1649111,0.0
1360967,0.0
910323,0.0
277666,159.680735237358
787436,0.0
721946,176.1301427451589
1652342,50.93577871069106
236670,146.6834660901312
302924,120.68892779567754
1674396,76.40366806603659
1616571,229.21100419810975
1162510,0.0
379788,55.702582059543495
933888,128.4282299598596
1349558,0.0
248266,45.49044201529384
1124462,231.17081235302112
1300718,178.2752254874187
1421181,0.0
199685,34.90695142398059
720959,220.16267843144868
60769,49.89118713471667
186059,88.19575492761051
132512,152.25372429608552
1644578,0.0
52343,163.9070581301297
1449643,0.0
184219,94.32303895416032
394462,170.82125164926669
296942,87.68936781797831
297229,35.278301971044215
1226232,308.2277498040282
1628988,0.0
1064081,396.2928211766076
193159,81.44392679918101
1647110,0.0
368073,133.3486055364829
1417911,0.0
1546321,0.0
1285823,0.0
1140635,0.0
753143,330.24401764717305
1479868,0.0
993844,102.74258370543332
1505680,0.0
727133,110.08133921572434
1007443,234.84019076430252
905024,0.0
357560,98.40789497186016
27662,118.8659342010016
230178,133.6861969429044
1285691,0.0
203747,111.405164119087
73010,51.24637549478
201540,96.55114223654203
36968,0.0
1358463,0.0
466690,107.69165864845074
36822,88.87093774045348
246651,111.405164119087
393107,92.50004535948436
949925,234.84019076430252
1418462,0.0
1747757,0.0
61743,119.57487615448667
1176629,374.2765533334628
960802,308.2277498040282
865685,440.32535686289737
1297849,0.0
930571,0.0
902237,110.08133921572434
536346,86.33900219229241
688383,154.1138749020141
861354,0.0
1270824,0.0
55730,12.068892779567756
1569858,0.0
477449,0.0
1668105,0.0
1542172,0.0
1754561,0.0
265208,50.13232385358914
1503299,0.0
1027125,253.187080196166
727763,0.0
742940,0.0
1074943,139.43636388143204
768565,0.0
534180,163.57107430183405
1169147,440.32535686289737
99457,121.80297943686844
132666,233.95084465008264
65312,116.97542232504132
675191,0.0
372096,42.70531291231667
16627,22.281032823817394
386163,74.27010941272465
949009,0.0
823322,374.2765533334628
749851,190.8076550780128
986396,242.1789462745936
210173,116.97542232504132
1536831,0.0
788017,0.0
1255829,0.0
1407191,0.0
538310,0.0
496259,149.8905844511352
982335,0.0
725888,132.09760705886922
1143097,286.2114819608833
480151,111.405164119087
832288,0.0
113678,0.0
925298,308.2277498040282
114550,222.55713468335784
146871,137.3997024135406
1162028,0.0
559601,33.4215492357261
7885,76.49821269510639
1743706,0.0
960059,0.0
1610975,0.0
1081169,220.16267843144868
789423,0.0
1150817,44.03253568628973
343016,22.281032823817394
832572,176.1301427451589
1187981,0.0
685668,451.33349078446986
867884,0.0
1031051,0.0
930550,0.0
151872,178.24826259053916
1360324,0.0
144124,96.55114223654203
150109,129.97269147226814
693458,0.0
1450236,140.07339145440042
1290308,101.87155742138212
245516,125.92159459521044
341999,12.997269147226811
1678636,432.9541190408741
1548125,0.0
88728,66.8430984714522
1138944,337.58277446973585
548313,41.776936544657616
1396943,0.0
636853,220.16267843144868
112245,167.3729965693902
1218584,44.03253568628973
402505,85.41062582463336
487434,134.61457331056343
1349385,0.0
1626287,407.4862296855285
1027119,0.0
534034,137.0621110071191
1605105,101.87155742138212
1207267,286.2114819608833
428060,200.52929541435657
512378,74.01691585790854
1624056,314.1039697279312
364856,114.61228248009098
669910,0.0
953740,44.03253568628973
250510,85.41062582463336
1372276,0.0
4452,0.0
601061,116.73428560616884
1005143,0.0
1050296,0.0
305625,66.8430984714522
73350,152.25372429608552
1662626,0.0
149809,116.72222877022524
969182,0.0
238543,98.67314536261988
560780,56.44528315367074
1197439,0.0
117393,116.97542232504132
1195358,0.0
871572,0.0
85474,63.12959300081595
1642482,458.4220083962196
1051209,440.32535686289737
450827,124.43619240695594
1561041,0.0
949413,176.1301427451589
492724,118.83217506035945
842815,139.43636388143204
1350660,76.40366806603659
36270,69.62822757442936
489541,59.70545159282669
620233,154.1138749020141
405209,0.0
426931,250.6616192679457
524210,0.0
1070904,110.08133921572434
1472605,0.0
1499064,181.9410580461427
114315,231.756500508343
932760,132.09760705886922
813775,286.2114819608833
989051,0.0
451099,81.96237074475684
517553,111.405164119087
265940,174.5347571199029
1555092,67.91437212025625
1170168,0.0
140879,131.49185280116478
190280,152.2537242960855
1506195,0.0
699842,0.0
1190722,0.0
1243274,0.0
676903,484.3578925491872
1612302,178.2752254874187
1496764,0.0
949376,396.2928211766076
931912,0.0
598050,182.8901444288344
1753921,127.33944677672766
276436,56.93479069298187
429709,217.2400700322196
2136,89.12413129526958
812818,0.0
1555278,0.0
815368,0.0
1435625,50.93577871069106
267907,75.9942369526629
518792,83.55387308931523
1499806,394.7522850078557
1350181,0.0
1699402,0.0
1232233,0.0
1276607,0.0
455549,51.989076588907245
1531471,0.0
832245,0.0
305605,201.3250465866357
1353614,0.0
1108653,0.0
420199,79.33398050904678
631384,359.5990423128808
4500,22.281032823817394
82046,167.10774617863046
912062,154.1138749020141
11637,100.26464770717828
1679095,0.0
194771,44.98405490566165
1502080,407.4862296855285
1464818,0.0
174321,137.3997024135406
1180163,0.0
517401,202.75739869673828
1392706,0.0
618023,102.1214004424964
601755,38.99180744168044
546643,157.84809617392713
711261,0.0
872427,220.16267843144868
1080934,0.0
603730,103.97815317781448
400148,133.8043539351519
931534,0.0
272588,25.06616192679457
972439,0.0
471492,0.0
1239461,0.0
661613,0.0
1644872,127.33944677672766
437575,96.55114223654203
758602,132.09760705886922
875196,58.71004801914359
13001,116.97542232504132
378193,58.48771116252066
877127,88.06507137257947
1618879,237.70030166189463
1696583,0.0
1415426,0.0
885943,0.0
1620083,407.4862296855285
953326,0.0
211735,66.6019617525797
248778,56.63095842720255
885955,80.72631586228846
145834,198.6725426790385
770480,0.0
1286515,254.6788935534553
145424,90.98088403058767
1378109,127.33944677672766
678378,154.1138749020141
309393,91.90926039824676
462981,61.27284026549784
1214835,0.0
146572,77.98361488336089
932670,220.16267843144868
1606829,203.74311484276424
42887,143.23521101025466
874709,0.0
1357562,0.0
489731,179.48609774741792
817952,0.0
617338,0.0
570193,66.8430984714522
897997,216.4933013324391
397900,154.11047703140363
199143,48.275571118271024
1740188,0.0
1286813,0.0
1316712,305.61467226414635
419362,72.41335667740654
1033397,0.0
1064940,0.0
454704,68.51417593323849
724966,0.0
1174196,0.0
473052,159.680735237358
609033,129.97269147226814
150276,145.75508972247212
455401,13.925645514885874
390016,167.10774617863046
178429,76.12686214804276
334715,103.04977681015546
974209,220.16267843144868
1278003,33.95718681913038
440104,133.43300338808825
733220,0.0
236812,84.37373793348166
1164856,264.19521411773843
900563,0.0
132020,155.96722976672177
1441222,0.0
1051518,220.16267843144868
741142,0.0
1487911,152.80733613207315
398052,172.67800438458482
359580,92.3312496562736
1019503,0.0
309156,127.86274518213392
1512743,203.74311484276424
1676471,89.13761274370935
1740288,0.0
1082307,0.0
933302,462.34162470604224
614125,141.11320788417683
201638,106.10015630389236
235583,90.64329262416622
610350,92.8376367659058
1406499,254.6788935534553
580805,122.54568053099564
1217594,352.26028549031787
433197,146.9487164808909
1431110,191.0091701650915
357295,88.19575492761051
767867,0.0
1416806,178.2752254874187
1050521,0.0
1080342,85.12956899349349
516752,126.2591860016319
1591602,203.74311484276424
972406,0.0
318079,222.810328238174
921576,0.0
985687,0.0
709084,0.0
1090903,242.1789462745936
834009,0.0
1647462,0.0
1681295,25.46788935534553
390338,118.83217506035946
1623379,50.93577871069106
1054359,0.0
1597249,0.0
1191087,506.374160392332
191298,67.77147483911125
385395,267.3723938858088
1737901,0.0
137198,116.4690352154091
1151098,0.0
823904,198.1464105883038
524116,33.4215492357261
1450853,0.0
1733193,292.8807275864736
1681021,0.0
1748728,280.14678290880084
1411911,203.74311484276424
1267089,114.60550209905487
107088,115.11866958972318
1009511,0.0
1169238,139.43636388143204
391769,177.9106711841177
557,92.8376367659058
1211325,132.09760705886922
516434,120.68892779567754
1069102,0.0
887090,0.0
1448302,0.0
825652,0.0
539017,37.87775580048957
810781,0.0
1274124,0.0
1417824,0.0
88784,167.2845797724703
1206829,0.0
1137679,190.8076550780128
802180,308.2277498040282
545845,74.27010941272465
901526,0.0
812943,154.1138749020141
929705,308.2277498040282
1067286,0.0
979767,264.19521411773843
1389332,483.8898977515651
751213,484.3578925491872
720972,0.0
109994,70.82185433284816
1091028,0.0
456056,59.41608753017972
339933,94.95963989198366
1443354,0.0
816881,0.0
1342642,0.0
748152,154.1138749020141
1210162,0.0
1428357,0.0
854115,198.1464105883038
337084,154.11047703140363
1228314,330.24401764717305
1393119,0.0
968222,0.0
302126,124.32607330533752
804645,0.0
561080,85.15743226981725
96795,96.55114223654203
1326759,636.6972338836382
612967,33.4215492357261
447169,85.41062582463334
1436150,203.74311484276424
1668141,110.36085488516696
886486,242.1789462745936
842776,0.0
614029,66.8430984714522
198137,40.84856017699856
996014,0.0
1423363,398.99693373974816
1013301,121.0894731372968
60356,18.567527353181163
648598,22.016267843144867
254232,137.3997024135406
729991,0.0
1411993,0.0
97555,181.4553809515432
230944,0.0
225262,144.57351979999694
210426,174.5347571199029
407655,33.4215492357261
343269,77.47722777372867
1079934,44.03253568628973
1283191,0.0
1299289,0.0
1666283,118.85015083094731
1238774,101.87155742138212
51490,44.56206564763479
777626,363.2684194118904
1289636,38.20183403301829
390231,55.702582059543495
1525905,0.0
883817,0.0
296445,174.5347571199029
325345,98.40789497186016
1355157,0.0
641783,0.0
1413995,0.0
925889,0.0
678172,187.1382766667314
1734980,0.0
787573,0.0
1451568,0.0
746842,396.2928211766076
769643,110.08133921572434
218783,22.281032823817394
1234393,0.0
1355768,0.0
618641,24.137785559135512
710903,55.04066960786217
1338167,0.0
550202,229.4946380853192
1388721,0.0
625366,425.6478458423153
729255,0.0
1490711,101.87155742138212
1714148,432.9541190408741
1068658,198.1464105883038
453266,135.80820006898222
1052041,176.1301427451589
1185409,0.0
630585,58.71004801914359
1166833,0.0
1385836,216.47705952043705
1254739,0.0
1746971,254.6788935534553
1634744,254.6788935534553
668938,0.0
583140,85.41062582463334
665662,286.2114819608833
871394,330.24401764717305
396745,189.13558544763177
623708,220.16267843144868
369844,145.62246452709226
1387413,458.4220083962196
955538,0.0
996370,205.48516741086664
1354209,0.0
372729,44.57412248357841
1037624,0.0
7635,121.6173041633366
789511,0.0
1401872,0.0
903001,139.43636388143204
1565498,356.5504509748374
967421,0.0
1328001,0.0
256440,103.79247790428268
1707299,0.0
199860,240.0636604735001
714186,66.04880352943461
1251548,0.0
1632220,203.74311484276424
1234748,0.0
629175,0.0
1067219,0.0
1206620,51.37129250885258
572721,144.82671335481308
777826,0.0
190652,79.09766652455174
1456049,0.0
650504,44.03253568628973
1454298,432.9541190408741
1018443,44.03253568628973
994734,0.0
1560884,101.87155742138212
1721984,0.0
920665,256.8564586074474
1670005,0.0
815109,242.1789462745936
314979,41.59126127112581
750554,0.0
624646,264.19521411773843
487581,150.3969715607674
788803,0.0
1462306,0.0
753074,0.0
549837,92.8376367659058
821787,66.04880352943461
1384914,0.0
1215570,176.1301427451589
1659250,0.0
887718,0.0
1663318,55.18042744258348
114072,107.69165864845074
88249,0.0
1147423,0.0
1218116,132.09760705886922
38725,78.77936605564008
1221419,0.0
1352194,50.93577871069106
1502802,76.40366806603659
987184,0.0
235610,58.90970042054751
161362,85.15743226981724
286092,223.9155381996728
520133,85.15743226981724
173205,142.96996061949494
698668,176.1301427451589
1309567,0.0
424899,61.27284026549784
1234602,0.0
1704582,0.0
811570,132.09760705886922
1405047,356.5504509748374
971931,0.0
563071,51.98907658890726
1747463,0.0
667892,0.0
1429695,0.0
169979,133.4386299115286
617234,57.82458518562132
625479,0.0
400828,59.41608753017972
57615,63.12959300081595
679017,352.26028549031787
641911,264.19521411773843
1667430,0.0
1295138,0.0
1238702,152.80733613207315
545759,41.776936544657616
288379,180.1050153258573
1069511,0.0
780495,0.0
470183,209.55986553613104
808787,0.0
616315,33.68679962648582
356733,162.86373992647475
76424,194.9590372084022
1403489,0.0
1734152,407.4862296855285
722781,0.0
347818,92.8376367659058
1717925,662.1651232389838
695487,132.09760705886922
99446,122.2080891245742
1547830,0.0
1320724,0.0
695985,110.08133921572434
215496,51.74793987003478
1528927,0.0
1355326,0.0
874080,308.2277498040282
625534,0.0
297669,32.915162126093875
1601795,0.0
1009654,0.0
1207098,0.0
675688,374.2765533334628
237301,44.56206564763479
512019,147.79751773132205
1527674,356.5504509748374
1337348,687.6330125943293
846251,0.0
1070857,176.1301427451589
497107,79.58717406386289
1629063,0.0
835695,220.16267843144868
1529855,0.0
124411,85.8326150826602
859982,286.2114819608833
52096,63.12959300081595
1516867,127.33944677672766
683333,572.4229639217666
1266997,0.0
362507,83.92522363637886
431439,102.1214004424964
1335411,0.0
236198,189.38877900244785
567177,61.11369003104201
978628,0.0
1093480,264.19521411773843
1100937,440.32535686289737
534358,0.0
496868,97.29384333066928
449488,64.98634573613407
612222,0.0
1269372,331.0825616194919
294939,144.82671335481308
570728,226.5238337088102
1705748,0.0
305971,109.54841138376884
173187,108.18679271120226
1632440,0.0
598284,111.405164119087
1545767,432.9541190408741
1739563,356.5504509748374
1443411,0.0
603277,155.62963836030028
1590086,0.0
1623356,305.61467226414635
476426,119.25416431838627
1741878,0.0
252836,116.97542232504132
404968,0.0
1719750,254.6788935534553
554884,0.0
15008,0.0
1570493,0.0
1008059,0.0
960388,117.42009603828718
301725,122.29248697617956
679994,110.08133921572434
1015037,14.677512332853851
1203303,0.0
513551,71.90696956777433
814558,187.1382766667314
530393,172.94325477534454
411502,43.63368927997573
1496076,0.0
489311,115.1186695897232
1017227,66.04880352943461
123717,96.55114223654203
23341,159.680735237358
1009331,154.1138749020141
787985,44.03253568628973
1281630,0.0
291615,71.48498030974747
343958,36.20667833870327
263298,215.38331729690148
652266,88.06507137257947
523225,181.96176806117535
408675,11.140516411908695
314682,87.26737855995145
1025602,0.0
732481,154.1138749020141
139863,88.61774418563738
694614,0.0
1593277,0.0
421592,116.72222877022524
109839,111.405164119087
234848,178.24826259053913
779420,0.0
396638,180.10501532585727
1554100,0.0
906509,44.03253568628973
113113,196.81578994372032
1260166,0.0
159784,84.90423871500113
1100153,330.24401764717305
286099,203.9896073301767
1038368,154.1138749020141
1312379,152.80733613207315
564676,96.55114223654203
274758,40.84856017699856
1090990,0.0
1326872,483.8898977515651
1396909,585.7614551729472
228324,174.5347571199029
928894,0.0
437744,138.7500680392265
94670,71.7888125755268
429519,33.4215492357261
1067093,183.4688995677218
526987,40.84856017699856
88363,163.14104715317814
375019,70.55660394208842
241980,80.76874398633807
1402676,101.87155742138212
300579,142.8936006585187
1220060,132.09760705886922
359652,35.27830197104421
1208369,256.8564586074474
1376235,432.9541190408741
1062621,212.82392292115765
1683823,50.93577871069106
1709808,483.8898977515651
1194232,352.26028549031787
1006150,55.04066960786217
548644,104.86232114701362
308421,178.24826259053916
196227,64.98634573613407
861854,286.2114819608833
1210017,660.4880352943461
781408,22.016267843144867
379978,74.48230972533243
784835,14.677512332853851
158137,66.58990491663609
1733492,0.0
833170,55.04066960786217
137976,136.65700131941335
1731808,0.0
881111,198.1464105883038
1020521,0.0
1315094,127.33944677672766
516044,85.41062582463336
890036,0.0
1588275,0.0
250353,105.70228071775276
580236,38.99180744168044
1402496,0.0
1116299,66.04880352943461
1732094,33.95718681913038
149545,142.96996061949497
234569,76.12686214804276
878513,0.0
705012,0.0
1176337,418.30908901975255
1669612,152.80733613207315
411173,91.40287328861454
1314094,0.0
722571,0.0
699244,0.0
1491004,305.61467226414635
664011,0.0
264264,0.0
1553557,0.0
364956,82.62549672165616
149612,113.2619168544051
195166,77.98361488336089
1180900,0.0
1220562,396.2928211766076
661810,161.45263172457692
1100479,308.2277498040282
377250,77.98361488336089
1204837,0.0
284415,213.2733710067673
1605143,0.0
1541435,0.0
765688,0.0
982096,0.0
1595747,0.0
1207187,88.06507137257947
121374,83.55387308931522
496345,90.45038324906824
1666493,0.0
334138,150.3969715607674
43458,58.48771116252066
165827,75.1984857803837
822857,0.0
871049,110.08133921572434
1071784,102.74258370543332
14860,90.1851328583085
429542,166.60135906899825
1454191,0.0
680983,0.0
282315,0.0
790386,198.1464105883038
963896,0.0
1354760,144.31804018629285
1063257,0.0
1476251,0.0
605763,55.17208127802403
605725,107.69165864845074
1163106,271.53397094030123
1637673,0.0
509868,151.1927227330466
1053801,0.0
279005,13.92564551488587
12325,120.68892779567754
497820,66.10039737732495
976206,0.0
211495,48.275571118271024
1090266,330.24401764717305
1356285,178.2752254874187
19949,66.8430984714522
1264181,0.0
878214,0.0
1592683,0.0
654389,308.2277498040282
632415,0.0
539995,68.96510159753004
751593,0.0
282849,28.11654142053148
1743257,0.0
237128,181.96176806117535
315158,84.6679247305061
1177504,121.0894731372968
528619,233.95084465008264
125683,87.68936781797831
1428055,483.8898977515651
270367,94.69438950122392
523458,209.81305909094715
1468517,0.0
973042,0.0
1449933,292.8807275864736
1413429,0.0
355268,172.94325477534457
734740,638.4717674512012
1496389,254.6788935534553
1553056,534.8256764622562
479326,81.69712035399711
1332302,0.0
1621567,0.0
789821,0.0
1206737,0.0
1150673,176.1301427451589
162628,49.01827221239827
1386491,356.5504509748374
650982,0.0
124157,64.98634573613408
65574,187.19443486070827
1049852,110.08133921572434
1655896,114.60550209905487
1424795,0.0
1085123,113.75071762700576
974800,0.0
738178,0.0
830531,396.2928211766076
412117,56.63095842720255
428847,155.46084265708956
625656,102.74258370543332
1429931,0.0
914434,154.1138749020141
1257493,254.6788935534553
218960,89.12413129526958
1741387,0.0
187986,53.84582932422537
121251,215.91381807842092
540453,110.4767877514279
658617,0.0
1106349,0.0
565147,36.37547404191401
1200855,0.0
1751774,369.2843956525102
1566351,0.0
1584787,0.0
1597050,0.0
1601008,0.0
1467739,0.0
818574,0.0
601537,111.405164119087
1685395,0.0
871569,168.79138723486793
443526,109.72524497760868
1376923,0.0
85153,76.12686214804276
209054,54.64158049650456
153749,53.84582932422537
1314929,0.0
1338483,169.78592954163838
1246583,101.87155742138212
798527,0.0
365275,59.044736983116096
1513300,458.4220083962196
1117966,0.0
354181,0.0
1429043,0.0
973339,0.0
1614776,0.0
826198,36.693780175998725
190129,0.0
75779,87.26737855995145
1294613,0.0
278068,83.55387308931523
127042,27.59809747495564
1671862,0.0
1698182,483.8898977515651
379808,51.989076588907245
1001140,55.04066960786217
469559,170.31486453963447
1292924,0.0
1001486,220.16267843144868
1280405,169.78592954163838
673727,0.0
588213,55.96783245030322
768593,73.38756035199745
1268264,0.0
1318122,0.0
95034,100.26464770717828
1462496,178.2752254874187
498128,120.68892779567754
1304061,407.4862296855285
263636,144.82671335481308
112857,241.37785559135517
1020766,0.0
1388704,280.14678290880084
869745,73.38756035199745
162926,59.41608753017972
1106297,0.0
547064,285.9399212389899
895999,0.0
1580947,76.40366806603659
1043498,0.0
809462,0.0
396458,120.35133638925608
196459,83.55387308931523
838051,0.0
1176336,183.4688995677218
334178,64.32321975923475
266832,179.7674239194358
533971,60.34446389783877
1579078,0.0
94563,135.5429496782225
608298,90.47449692095547
472028,196.65503213113868
1444166,0.0
902361,0.0
409012,0.0
487324,83.55387308931523
470753,259.9453829445363
599761,94.69438950122392
130203,103.97815317781448
1596769,0.0
1631300,292.8807275864736
495923,183.81852079649352
1593161,254.6788935534553
1164423,418.30908901975255
385549,85.41062582463334
1579650,0.0
82847,74.27010941272465
1728089,191.0091701650915
131044,77.98361488336087
374736,178.5135129812989
135543,77.98361488336089
188729,235.80759738540075
1550064,127.33944677672766
1495902,50.93577871069106
1276350,0.0
1042455,0.0
823690,0.0
496309,105.58171235831652
218571,44.56206564763479
374358,181.96176806117535
1731915,0.0
206748,57.82458518562132
916490,29.355024665707703
1620203,0.0
1088350,0.0
1617199,152.80733613207315
192732,107.69165864845075
904108,198.1464105883038
827668,0.0
593532,137.0621110071191
1081938,0.0
858724,275.20334803931087
321509,131.2105266291469
1336311,0.0
419248,29.201656655457647
1038132,0.0
88878,117.41750630964088
1043680,0.0
612115,45.30476674176204
1413518,0.0
182456,173.91583954146355
181833,55.702582059543495
87514,143.76571179177415
1341544,0.0
621967,0.0
1664394,314.1039697279312
1650899,0.0
838306,0.0
1715386,0.0
1147063,275.20334803931087
1596622,101.87155742138212
1169942,44.03253568628973
761902,0.0
1584569,0.0
600698,118.83217506035945
1599903,0.0
521118,100.01145415236216
1005325,484.3578925491872
1522471,0.0
195707,200.52929541435657
1067273,0.0
1511822,0.0
643605,223.8320568427301
1018301,0.0
499641,193.63278525460356
1134465,0.0
68945,38.99180744168044
858015,0.0
1740677,331.0825616194919
468316,87.26737855995145
1408666,0.0
1757021,0.0
807404,0.0
178734,118.0894739662322
1390433,0.0
1109159,0.0
1349759,0.0
797711,117.42009603828718
84047,222.810328238174
1512732,0.0
415439,126.2591860016319
1278689,118.85015083094731
1337239,0.0
1495251,0.0
1432679,254.6788935534553
535388,146.34587468370972
1001629,132.09760705886922
445756,105.83490591313264
48535,218.84362921272165
1611010,0.0
1559582,229.21100419810975
1164977,499.035404882041
348475,219.0968227675377
1384650,0.0
630877,231.17081235302112
590166,83.44777293301134
1089779,0.0
936607,0.0
286054,198.334951272617
710104,0.0
875016,0.0
960485,0.0
1658407,0.0
834678,0.0
841349,0.0
1380533,0.0
1630704,254.6788935534553
593569,70.55660394208842
1020845,352.26028549031787
21258,70.31546722321593
1755354,280.14678290880084
1117711,168.79138723486793
540178,70.55660394208842
273337,79.58717406386289
771671,374.2765533334628
899416,66.04880352943461
316940,174.5347571199029
1336204,382.018340330183
292459,124.4024332663138
666985,418.30908901975255
1589548,127.33944677672766
671094,352.26028549031787
1620673,50.93577871069106
554588,129.04431510460907
105015,136.89331530390837
496888,0.0
1155484,0.0
713031,0.0
640650,0.0
1004043,0.0
1424997,0.0
709555,198.1464105883038
1087481,73.38756035199745
1075448,183.4688995677218
1488875,0.0
1437850,0.0
1438502,280.14678290880084
338074,193.1022844730841
234445,129.46630436263592
1708181,0.0
388996,154.11047703140363
1042079,88.06507137257947
1199898,33.024401764717304
1624454,0.0
437514,229.89974777302496
620708,0.0
386764,0.0
917828,0.0
1597731,0.0
198652,55.19619494991128
1230814,0.0
1590667,0.0
249103,170.82125164926669
897087,0.0
739182,198.1464105883038
149815,76.49821269510639
437822,124.82442252434063
691319,0.0
251650,166.77015477220897
1135380,44.03253568628973
745906,0.0
1334584,509.3577871069106
571135,0.0
402022,5.570258205954349
1161324,0.0
1490390,229.21100419810975
647602,22.016267843144867
531946,133.6861969429044
1644104,0.0
1117436,44.03253568628973
1019672,264.19521411773843
15623,113.2619168544051
612776,55.44938850472738
1447830,152.80733613207315
1673561,101.87155742138212
1203115,110.08133921572434
1410758,127.33944677672766
861874,462.34162470604224
680821,0.0
448357,159.94598562811774
1452311,382.018340330183
680197,227.50143525401157
78529,0.0
805133,176.1301427451589
495750,137.3997024135406
541856,44.56206564763478
398027,94.69438950122392
754908,154.1138749020141
1456575,0.0
1225351,330.24401764717305
1414252,0.0
51670,44.56206564763479
1485484,0.0
219520,44.56206564763479
1589728,229.21100419810975
34633,120.68892779567754
1104862,0.0
1648767,0.0
1638949,101.87155742138212
1080,31.936147047471604
96635,0.0
1177235,374.2765533334628
1436581,25.46788935534553
805507,220.16267843144868
1084749,44.03253568628973
359692,88.61774418563738
1216290,0.0
510855,183.99535439033332
864058,0.0
1440763,25.46788935534553
1652725,0.0
918093,396.2928211766076
548800,44.24376517872312
785450,190.8076550780128
1520463,0.0
644952,0.0
942475,0.0
1599541,458.4220083962196
929193,36.693780175998725
781561,308.2277498040282
190627,0.0
218616,22.281032823817394
1250661,0.0
1662192,0.0
141629,135.9143002252861
1425423,0.0
1146788,0.0
757515,0.0
1687785,0.0
1050816,0.0
265558,148.0338317158171
897954,0.0
967152,135.76698547015062
3369,97.4795186042011
169038,85.41062582463334
306555,83.55387308931523
1545351,0.0
1132076,249.5177030971564
317830,100.01145415236216
1651684,76.40366806603659
315254,121.6173041633366
1299953,0.0
1096897,396.2928211766076
1161039,0.0
1484987,0.0
124268,27.34490392013953
91419,207.95630635562895
735442,44.03253568628973
749516,469.6803815286051
339391,174.5347571199029
1220492,0.0
179826,163.39424070799424
193998,57.55933479486159
161730,48.64692166533465
643962,271.53397094030123
758427,0.0
1038391,0.0
558991,129.4156656516727
780018,242.1789462745936
467789,98.40789497186016
568182,180.10501532585727
616160,98.03654442479656
1387183,0.0
828217,462.34162470604224
105684,16.71077461786305
788384,209.15454450987627
1372820,0.0
1142800,154.1138749020141
963523,0.0
315119,137.3997024135406
1031922,88.06507137257947
1020188,176.1301427451589
781379,484.3578925491872
1377141,0.0
165581,41.776936544657616
475289,85.41062582463334
202018,77.98361488336089
602226,42.70531291231667
458005,59.60176280371153
1222308,0.0
311933,5.570258205954349
1357705,0.0
162683,40.84856017699856
1156241,154.1138749020141
1738291,152.80733613207315
345763,144.9448703470606
326513,137.3997024135406
55497,74.27010941272466
526149,68.19346409713809
50470,103.7249596229984
591508,90.98088403058767
1532850,0.0
168494,200.52929541435657
834735,0.0
1752824,0.0
975528,0.0
267199,129.63510006584667
1663139,229.21100419810975
1164384,418.30908901975255
1319687,318.3486169418191
627373,14.677512332853851
140027,93.76601313356488
1362187,0.0
586727,122.54568053099568
1324467,0.0
860487,0.0
463567,108.6200350161098
1178831,249.5177030971564
1039953,0.0
1724004,0.0
125383,41.90956174003748
467217,189.38877900244785
797946,14.677512332853851
548647,32.493172868067035
125887,126.2591860016319
541326,0.0
1249472,0.0
612593,33.4215492357261
485385,33.4215492357261
844551,0.0
651044,0.0
472140,122.2080891245742
279924,16.71077461786305
1638895,280.14678290880084
883965,0.0
594759,215.38331729690148
1142336,198.1464105883038
730796,0.0
61300,86.20637699691255
396909,52.4110658469341
811323,165.12200882358653
982632,198.1464105883038
1007814,0.0
704434,0.0
789688,352.26028549031787
658531,220.16267843144868
375684,80.76874398633807
1527730,0.0
1410140,0.0
942759,0.0
623838,374.2765533334628
1593201,263.16819101724013
666822,176.1301427451589
1344490,0.0
140777,94.95963989198364
826106,0.0
1486308,0.0
275799,72.83534593543338
252509,148.5402188254493
415562,41.776936544657616
1288175,0.0
739324,0.0
1039060,161.45263172457692
1391547,0.0
541115,64.98634573613407
707539,165.12200882358653
1336544,0.0
1280753,0.0
516377,112.33354048674602
1519105,305.61467226414635
311959,97.4795186042011
986475,132.09760705886922
1365644,254.6788935534553
738544,121.0894731372968
566050,80.58306871280625
1430266,475.40060180578473
400255,42.45211935750056
741401,286.2114819608833
721160,0.0
3945,68.69985120677032
1669562,0.0
944465,396.2928211766076
27036,105.83490591313264
1714405,0.0
1684590,0.0
313582,16.71077461786305
951578,69.71818194071602
1546003,0.0
331661,59.41608753017972
1618392,42.44648276491072
1284935,0.0
446273,49.01827221239827
902651,143.10574098044165
386545,42.70531291231667
1304846,25.46788935534553
1314248,152.80733613207315
703215,183.4688995677218
1134688,0.0
1258335,0.0
1540977,229.21100419810975
652316,0.0
1607176,0.0
1353882,0.0
1520555,0.0
856480,319.2358837256006
1108394,0.0
1380759,127.33944677672766
1347948,0.0
1046151,0.0
1243862,50.93577871069106
330697,91.77663520286688
1259920,229.21100419810975
1565836,432.9541190408741
680122,0.0
1740099,0.0
1239579,254.6788935534553
545323,189.38877900244785
10993,100.26464770717828
213162,112.28933208828606
298183,153.13789226528462
753092,0.0
1056246,0.0
495705,138.14240350766786
709947,0.0
1330459,432.9541190408741
1037272,0.0
1200708,0.0
1622257,432.9541190408741
264155,0.0
1604621,178.2752254874187
1148670,0.0
1619324,331.0825616194919
146,38.99180744168044
1027074,396.2928211766076
1574782,0.0
1041612,121.0894731372968
80293,0.0
552486,102.1214004424964
851763,58.71004801914359
498827,98.40789497186016
351512,30.45074485921711
823546,0.0
396530,69.12184046479716
917193,0.0
1386646,0.0
1561295,0.0
437536,16.15374879726761
1672729,0.0
1730941,356.5504509748374
157937,64.98634573613406
1549202,331.0825616194919
227228,85.15743226981725
1728780,331.0825616194919
1135705,121.0894731372968
1724888,127.33944677672766
32297,92.09493567177856
559624,0.0
176987,209.13787627810424
1140044,110.08133921572434
88282,180.1050153258573
1511378,127.33944677672766
29433,86.33900219229241
1071954,0.0
1421600,0.0
1395730,152.80733613207315
1365990,186.7645229512036
799026,0.0
823188,58.71004801914359
1522702,0.0
882654,396.2928211766076
1380065,0.0
1076174,484.3578925491872
77980,0.0
683566,271.53397094030123
1747661,0.0
1635991,407.4862296855285
1131915,315.566506626591
1523866,0.0
1394114,0.0
171692,245.09136106199136
1251508,496.62384242923787
1381036,67.91437212025625
1630681,0.0
148866,124.03108271925016
1513750,0.0
149235,0.0
1285739,0.0
620211,66.04880352943461
1566074,458.4220083962196
965770,44.03253568628973
624812,121.0894731372968
237792,64.05796936847501
208998,67.38565608891527
997775,0.0
718229,0.0
744803,0.0
1024021,484.3578925491872
1586320,0.0
126257,100.26464770717828
481923,111.405164119087
1344168,114.60550209905487
281450,146.6834660901312
1596010,0.0
623683,0.0
854331,88.06507137257947
1075686,0.0
352755,172.492329111053
1437402,50.93577871069106
1579100,0.0
1148979,0.0
1235845,0.0
241339,59.41608753017972
172937,44.56206564763479
458133,46.41881838295291
325576,121.6173041633366
178657,0.0
1079505,300.88899429373714
237808,115.11866958972318
838044,132.09760705886922
1177118,0.0
875857,0.0
203835,68.6998512067703
615836,68.69985120677032
922292,418.30908901975255
1153774,0.0
1197598,0.0
1420155,280.14678290880084
594875,53.84582932422537
557898,46.84080764097976
920376,154.1138749020141
19021,97.7889773934208
1272738,0.0
431958,122.29248697617956
387846,226.5238337088102
41805,172.67800438458482
981040,88.06507137257947
2210,50.13232385358914
602643,99.75826059754606
1287165,254.6788935534553
1695005,0.0
1696668,0.0
134102,109.54841138376884
1606169,0.0
1584975,0.0
481447,89.12413129526958
1333351,0.0
881862,0.0
284972,49.76097330652551
347230,180.10501532585727
243918,86.33900219229241
492908,92.8376367659058
242551,55.17208127802402
1346342,0.0
1058967,132.09760705886922
12843,129.97269147226814
1753304,0.0
1091242,0.0
96419,261.8021356798544
1558279,0.0
281599,65.2515961268938
1307537,118.85015083094731
760505,396.2928211766076
1366113,135.8287442405125
1331177,0.0
1753895,0.0
1555889,0.0
753510,0.0
283738,118.57898150554334
1670499,0.0
1700725,0.0
367148,51.989076588907245
675710,308.2277498040282
902972,132.09760705886922
267070,98.01001938572055
558370,89.65463207678904
940151,0.0
1419534,0.0
974358,0.0
1701042,0.0
1422296,254.6788935534553
92402,152.25372429608552
903476,0.0
1193342,0.0
1034102,0.0
297982,47.532870024143776
1427812,0.0
1270463,0.0
1106893,88.06507137257947
864298,440.32535686289737
331495,122.54568053099568
253971,0.0
1093722,319.2358837256006
521665,170.82125164926669
476791,43.50106408459587
132366,70.55660394208842
1232649,0.0
1226415,528.3904282354769
1363079,0.0
940422,220.16267843144868
387985,80.21171816574262
1258036,280.14678290880084
1293725,203.74311484276424
850847,132.09760705886922
1321847,382.018340330183
250984,127.12004408800668
973038,0.0
1439333,101.87155742138212
1741834,135.8287442405125
880342,161.45263172457692
457277,0.0
33839,0.0
1714608,254.6788935534553
197719,47.532870024143776
525810,0.0
1381070,0.0
713959,0.0
1403368,0.0
473463,222.810328238174
415500,110.34416255604806
1221148,0.0
1488687,0.0
1504463,0.0
848791,143.10574098044165
1638432,560.2935658176017
1168405,0.0
465685,64.05796936847501
549642,111.405164119087
1712941,292.8807275864736
1267496,356.5504509748374
28079,46.2331431094211
279300,118.83217506035945
1081993,44.03253568628973
449579,129.97269147226814
413475,0.0
858740,110.08133921572434
1220572,0.0
1531230,0.0
190032,88.06312973223066
68577,83.55387308931522
339917,119.62792623263864
752608,128.4282299598596
501567,103.97815317781448
920143,0.0
663332,352.26028549031787
1087795,101.2748320784664
1110852,0.0
480295,133.6861969429044
848019,308.2277498040282
388810,86.33900219229241
880469,198.1464105883038
243754,0.0
85069,11.140516411908695
594219,55.702582059543495
1269705,0.0
1224846,0.0
1167742,0.0
528334,153.60408992177145
1188516,0.0
1001621,319.2358837256006
1386001,687.6330125943293
1330934,169.78592954163838
836048,469.6803815286051
428520,59.41608753017972
1537263,0.0
1541085,0.0
1094618,0.0
761696,0.0
732435,0.0
506853,215.38331729690148
41699,148.56433249733655
753688,205.48516741086664
1046327,0.0
606041,38.99180744168044
114841,237.6643501207189
655601,0.0
1579584,76.40366806603659
1279949,0.0
1171868,396.2928211766076
594744,44.56206564763479
5094,54.24370491036497
1462027,118.85015083094731
1212819,0.0
358751,154.4818275784673
512105,107.69165864845074
958276,0.0
539593,185.67527353181163
442290,185.33768212539016
423087,30.63642013274892
388296,187.5320262671297
3101,133.43300338808825
1135454,0.0
1249598,0.0
1053250,0.0
879241,0.0
349599,86.15332691876058
1424519,0.0
808977,0.0
184501,0.0
537463,148.40759363006944
590975,0.0
594334,84.34962426159443
1206762,0.0
848746,0.0
1310780,0.0
152218,189.38877900244785
487051,101.59089966097694
952965,0.0
417638,56.63095842720255
713406,0.0
200934,33.4215492357261
1144405,132.09760705886922
1564782,343.81650629716466
408730,89.12413129526958
720694,286.2114819608833
1120478,0.0
922529,58.71004801914359
1628394,407.4862296855285
723634,51.37129250885258
775275,242.1789462745936
195739,79.840367618679
1663345,0.0
392309,48.275571118271024
1151210,528.3904282354769
333641,109.54841138376884
1383658,59.42507617447591
1684827,0.0
538565,78.40560414138773
1177545,44.03253568628973
1523686,0.0
565052,142.96996061949494
1659200,0.0
1134649,0.0
1207065,154.1138749020141
1546957,0.0
482288,111.405164119087
767892,0.0
638426,154.1138749020141
687971,374.2765533334628
687418,249.5177030971564
1249838,212.2324123065491
1417429,254.6788935534553
1078647,0.0
1337914,246.18959760767495
882247,572.4229639217666
867243,0.0
25349,64.98634573613407
1530583,0.0
1062571,447.66411281061227
711496,132.09760705886922
378869,133.6861969429044
1003695,0.0
1530233,127.33944677672766
1571460,0.0
56940,76.92261332032196
59107,41.776936544657616
1369226,305.61467226414635
796950,29.355024665707703
662237,484.3578925491872
36809,163.3942407079942
48059,91.90926039824676
552462,140.58270710265737
1356400,110.36085488516696
240165,102.1214004424964
1356405,0.0
575981,133.6861969429044
47734,139.0032615940426
1107946,198.1464105883038
684142,0.0
1455326,0.0
1371045,280.14678290880084
1053110,154.1138749020141
203416,47.34719475061196
1757387,331.0825616194919
1617651,305.61467226414635
376689,25.994538294453623
780023,161.45263172457692
1348352,254.6788935534553
730522,0.0
1194522,0.0
1618131,0.0
1034213,0.0
73796,69.62822757442936
962643,484.3578925491872
1326367,0.0
443811,77.98361488336089
75072,55.702582059543495
486276,187.5320262671297
790798,0.0
253237,100.26464770717828
872509,0.0
1618230,432.9541190408741
1519162,0.0
897402,0.0
934167,506.374160392332
1622928,76.40366806603659
1676154,356.5504509748374
299173,110.78062001720726
55846,63.12959300081595
388546,88.19575492761051
549428,66.8430984714522
551981,174.5347571199029
506319,137.82169167156746
1378328,0.0
687038,0.0
130277,50.13232385358914
1627615,186.7645229512036
1597114,203.74311484276424
347101,141.11320788417683
541794,60.74233948397837
72685,0.0
921574,132.09760705886922
632115,0.0
819140,0.0
1413876,178.2752254874187
1297765,0.0
185652,154.6409778129231
568997,98.40789497186016
90380,172.34041297816333
785865,440.32535686289737
384066,144.82671335481308
158059,38.99180744168044
547982,50.39757424434888
1169469,0.0
565981,115.11866958972318
1415311,0.0
1039448,0.0
1043145,407.30095509818005
17422,43.63368927997573
1049700,143.10574098044165
427719,116.72222877022524
470078,91.35223457765132
1010291,0.0
828361,0.0
337629,186.68804775107608
133592,157.82398250203988
898798,194.47703348929423
1190296,0.0
1690927,0.0
434908,204.2428008849928
1356156,0.0
1473433,25.46788935534553
453657,87.26737855995147
344450,176.39150985522102
1168817,80.72631586228846
82246,189.0511875960264
724040,0.0
131709,68.6998512067703
375928,97.4795186042011
993566,198.1464105883038
1657834,0.0
1282966,0.0
1467161,0.0
402621,80.10561800943873
1298625,0.0
1287660,25.46788935534553
1139498,308.2277498040282
81726,22.281032823817394
474628,79.33398050904678
376245,120.97829185832454
293053,133.68619694290436
1678089,0.0
287675,195.6663715837615
1445180,199.49846762887637
1527020,0.0
1180808,0.0
1439040,101.87155742138212
1259077,246.18959760767495
921184,0.0
1747066,0.0
1524349,50.93577871069106
682724,660.4880352943461
572658,152.25372429608552
1083491,36.693780175998725
737594,198.1464105883038
426994,114.78107818330174
626942,66.04880352943461
401962,60.34446389783877
1638843,0.0
686014,29.355024665707703
1028379,0.0
1450685,0.0
1487661,101.87155742138212
199935,48.275571118271024
142782,181.7085745063593
1565008,101.87155742138212
644030,0.0
1086287,0.0
1571238,76.40366806603659
1361186,0.0
508534,61.27284026549784
1444341,0.0
279908,77.02871347662585
1425900,0.0
1673873,0.0
751648,190.8076550780128
454595,89.12413129526958
366641,22.281032823817394
664564,198.1464105883038
652421,0.0
894416,0.0
1652763,152.80733613207315
1665502,0.0
720886,36.693780175998725
1038316,0.0
72547,86.89602801288784
198673,54.774205691884426
444212,132.094694598346
1165519,0.0
732589,550.4066960786217
1380610,0.0
1132694,0.0
246416,80.76874398633807
1592541,0.0
766155,0.0
198219,67.33260601076333
1018299,0.0
1742508,0.0
1662741,203.74311484276424
1568927,466.9113058600044
886175,0.0
908321,124.7588515485782
611391,74.27010941272466
908916,0.0
61757,40.84856017699856
824236,0.0
1119100,172.46076564614935
637573,0.0
290084,50.13232385358914
1399786,0.0
415375,27.851291029771748
306192,158.61973367431906
84738,193.1022844730841
162726,82.09499594013671
1677650,0.0
219696,44.56206564763479
101677,168.96449891394855
641966,0.0
931523,275.20334803931087
687,92.8376367659058
954261,0.0
986426,0.0
1381395,67.91437212025625
819187,0.0
815844,418.30908901975255
1219615,110.08133921572434
1148489,572.4229639217666
657758,359.5990423128808
68189,118.83217506035945
134773,0.0
1590351,152.80733613207315
1720803,0.0
15298,105.3285188035004
471789,96.97313149456888
1609924,0.0
1737756,280.14678290880084
996550,308.2277498040282
920817,308.2277498040282
28490,204.41963447883265
1209253,124.7588515485782
1483660,0.0
1418712,382.018340330183
404941,0.0
289318,40.84856017699856
1250933,0.0
1644305,0.0
424750,0.0
202402,45.67611728882566
650456,220.16267843144868
450262,43.0766634593803
1413777,165.54128080974596
959955,176.1301427451589
868291,0.0
1058838,220.16267843144868
902839,0.0
872401,0.0
1177899,440.32535686289737
426695,200.52929541435657
1200054,0.0
22830,22.281032823817394
408513,89.12413129526958
1550052,216.47705952043705
466265,106.6306570854118
644780,88.06507137257947
1108275,0.0
1602709,356.5504509748374
621238,0.0
1058205,0.0
1118420,124.7588515485782
972817,286.2114819608833
1155752,0.0
724643,352.26028549031787
131875,170.82125164926669
1684730,114.60550209905487
1485459,50.93577871069106
1303946,0.0
490453,50.13232385358914
484429,155.96722976672177
666424,0.0
1157051,0.0
1155809,110.08133921572434
1227062,198.1464105883038
1336393,305.61467226414635
226444,165.25099344331232
1369238,305.61467226414635
459249,89.94399613943602
173911,188.88239189281563
1411920,212.2324123065491
903674,0.0
203707,64.98634573613407
1676651,0.0
91181,144.82671335481308
1525709,0.0
641040,271.53397094030123
1504506,263.16819101724013
84750,51.482689479275045
816657,132.09760705886922
1603430,271.65748696302046
1751597,0.0
132143,168.9644989139486
376852,84.48224945697429
1543469,0.0
1403087,0.0
186993,207.95630635562895
114722,14.347634772912718
726240,0.0
1534481,0.0
1407183,0.0
1477082,0.0
203673,52.91745295656632
535920,181.96176806117535
624737,44.03253568628973
553,63.12959300081595
973398,352.26028549031787
911891,0.0
76340,105.83490591313264
1381366,0.0
749896,0.0
1343073,0.0
530885,170.82125164926669
1161263,0.0
1457521,0.0
1736061,118.85015083094731
1393185,0.0
1051486,0.0
902297,176.1301427451589
1023356,0.0
1251628,407.4862296855285
1555082,203.74311484276424
939555,22.016267843144867
1382077,0.0
1527037,127.33944677672766
1678407,0.0
299432,66.8430984714522
836169,0.0
1427190,356.5504509748374
918891,0.0
32692,183.81852079649352
1015609,154.1138749020141
1295446,178.2752254874187
1652447,152.80733613207315
183497,150.66222195152713
1029795,0.0
302953,94.69438950122392
693226,220.16267843144868
8344,64.74520901726159
687518,22.016267843144867
520148,86.15332691876058
771823,14.677512332853851
159140,44.56206564763479
977388,0.0
594065,0.0
701361,363.2684194118904
459840,64.61499518907044
1359242,118.85015083094731
144743,120.68892779567754
1210084,0.0
653499,0.0
295187,146.97283015277816
1733054,0.0
396499,189.13558544763177
1173084,271.53397094030123
728390,0.0
1125566,0.0
484211,100.26464770717828
1324847,305.61467226414635
741322,0.0
618169,10.212140044249638
487869,96.55114223654203
1646520,407.4862296855285
23455,159.680735237358
1307168,382.018340330183
813235,286.2114819608833
1229935,220.16267843144868
1487254,127.33944677672766
1332609,246.18959760767495
603804,140.86001432936075
1117492,0.0
1192800,0.0
1417835,0.0
226425,170.99808524310652
1577074,764.036680660366
1246730,0.0
894108,308.2277498040282
1116163,381.6153101560256
1611400,0.0
1731911,127.33944677672766
483700,55.702582059543495
652818,220.16267843144868
1459060,144.31804018629285
1480777,458.4220083962196
672591,528.3904282354769
298831,0.0
71402,70.55660394208843
1137974,286.2114819608833
1046240,58.71004801914359
1184381,0.0
1061060,484.3578925491872
504952,132.3599449891057
179074,61.8033410470173
648493,176.1301427451589
1687719,0.0
799674,0.0
1079284,190.8076550780128
951120,102.74258370543332
927437,352.26028549031787
258729,155.96722976672177
871893,344.9215299800269
691798,0.0
51684,183.81852079649352
901773,0.0
841877,0.0
494551,113.2619168544051
568854,136.78078483510126
1213940,44.03253568628973
1751141,0.0
597223,90.98088403058772
1362833,0.0
178834,165.7814942248318
781309,44.03253568628973
625888,234.84019076430252
734386,0.0
341593,139.0032615940426
573996,211.6698118262653
1328819,0.0
1693263,220.72170825232945
190177,169.3358494610122
873782,440.32535686289737
638107,176.1301427451589
1206652,0.0
217606,22.281032823817394
715373,0.0
1280231,0.0
191108,72.41335667740654
278908,94.69438950122392
1160208,440.32535686289737
338420,172.17161727495258
334767,168.03612254628953
1634430,101.87155742138212
161349,89.86683238939682
1051610,374.2765533334628
1469356,0.0
1465396,0.0
383738,144.82671335481308
1275791,0.0
281034,71.08710472360788
729340,341.2521515687455
1406350,0.0
1532047,0.0
1408192,178.2752254874187
853452,194.47703348929423
866123,0.0
449310,0.0
25214,69.62822757442936
1351722,33.95718681913038
1494387,152.80733613207315
1754624,0.0
330608,68.96510159753004
1027486,58.71004801914359
1186305,0.0
1237660,101.87155742138212
246701,130.9010678399272
949990,0.0
1235157,0.0
859612,73.38756035199745
1496925,0.0
279058,35.27830197104421
359189,90.7276904757716
1297120,0.0
823530,176.1301427451589
1606670,0.0
1531783,0.0
468183,230.2373391794464
552713,182.1386016550152
654972,110.08133921572434
678931,330.24401764717305
792097,73.38756035199745
19831,63.12959300081595
1359366,0.0
1314427,441.4434165046589
1528856,50.93577871069106
1495302,0.0
210099,22.281032823817394
209596,77.98361488336089
1168949,0.0
432785,167.10774617863046
1500462,318.3486169418191
328100,203.3144245173337
1434913,0.0
630039,0.0
319812,134.057547489968
335800,0.0
1216241,242.1789462745936
294268,132.2007947546499
93812,146.6834660901312
10751,40.10585908287131
1313989,0.0
1377343,0.0
1427433,0.0
1595406,0.0
1313689,0.0
1494441,0.0
802146,0.0
803872,0.0
1461512,407.4862296855285
945677,0.0
625950,0.0
1556072,382.018340330183
968421,0.0
997750,484.3578925491872
433396,161.53748797267613
1539753,560.2935658176017
1518963,50.93577871069106
331109,199.46829385131764
10205,63.50094354787959
876302,44.03253568628973
454929,124.43619240695594
216465,46.79016893001653
404607,0.0
185922,107.43846509363463
963485,0.0
1602667,50.93577871069106
498045,122.54568053099568
1183666,264.19521411773843
125173,115.11866958972318
1344743,0.0
135033,89.54612055329643
1075850,242.1789462745936
1681776,152.80733613207315
328863,59.162893975363616
466550,134.21669772442385
1094112,0.0
1358052,0.0
694523,0.0
535963,91.90926039824676
594681,99.9270563007568
1049217,308.2277498040282
1171373,0.0
721912,154.1138749020141
1441832,0.0
922775,0.0
1755132,0.0
783351,264.19521411773843
34603,133.3486055364829
1097244,330.244017647173
1036051,451.33349078446986
1355439,0.0
238190,66.10039737732495
1531460,0.0
1537678,76.40366806603659
1724681,50.93577871069106
1497878,0.0
1384459,0.0
1683134,0.0
1304969,203.74311484276424
1195677,0.0
667304,0.0
1036770,11.008133921572432
1372000,93.38226147560178
249020,36.20667833870327
1721307,0.0
420537,64.74520901726159
1017277,110.08133921572434
1010743,0.0
422072,0.0
744673,0.0
1615524,407.4862296855285
1053862,396.2928211766076
1054120,0.0
1408817,0.0
445517,33.4215492357261
636874,0.0
403009,61.27284026549784
1221400,132.09760705886922
797148,0.0
140639,77.98361488336089
603424,112.75552974477289
121990,50.13232385358914
253695,70.67476093433595
312168,7.427010941272464
921423,198.1464105883038
308059,44.56206564763478
979484,157.7832533132955
1653455,50.93577871069106
959866,0.0
1143548,0.0
1265303,560.2935658176017
1044612,425.6478458423153
425316,63.12959300081595
192908,44.56206564763479
1205334,0.0
1419283,318.3486169418191
711886,0.0
898012,308.2277498040282
1675512,101.87155742138212
378698,93.25962602393268
468059,183.480929390072
1105945,0.0
1427876,0.0
50124,169.76025008622776
279066,124.4024332663138
248377,53.84582932422537
793575,154.1138749020141
961688,0.0
1410417,331.0825616194919
436943,38.99180744168044
886317,330.24401764717305
1427,51.989076588907245
460687,88.61774418563738
635786,0.0
20730,11.140516411908695
1071011,0.0
1120988,0.0
1715254,382.018340330183
666040,242.1789462745936
1165393,0.0
1142709,0.0
1088385,80.72631586228846
1587280,0.0
823666,403.6315779991705
1160639,0.0
682938,132.09760705886922
372946,29.708043765089855
135480,122.54568053099568
1279045,0.0
772941,0.0
697266,0.0
89693,58.48771116252066
535695,79.09766652455174
301703,55.19619494991127
756510,0.0
1738555,203.74311484276424
1444358,0.0
126387,0.0
1060748,0.0
1184125,80.72631586228846
840589,0.0
466768,75.0128105068519
1125185,484.3578925491872
1612732,0.0
98808,156.76298093900095
264592,154.65303464886674
561138,160.60911160501706
385132,39.9201838093395
162227,27.34490392013953
1097618,223.8320568427301
511942,0.0
411718,0.0
132896,0.0
496792,86.33900219229241
250160,48.275571118271024
1249235,0.0
165259,41.27054943502541
1191463,0.0
1118900,0.0
772078,14.677512332853851
279213,107.69165864845075
834739,462.34162470604224
1522575,0.0
891888,352.26028549031787
1575757,0.0
700551,110.08133921572434
805532,341.2521515687455
299968,113.2619168544051
137394,140.37050679004955
776971,0.0
1397943,0.0
26602,220.9535755028558
182897,74.27010941272465
1446865,0.0
1290679,288.6360803725857
165574,48.275571118271024
1749645,254.6788935534553
408541,77.98361488336089
1269905,140.07339145440042
1144200,506.374160392332
119146,115.295503183563
1079971,300.8889938563132
161675,83.55387308931523
163670,129.97269147226814
72311,132.94349584877713
69998,247.2133641880692
1137576,0.0
532977,51.989076588907245
875189,0.0
698788,462.34162470604224
1675574,483.8898977515651
373344,55.702582059543495
516682,222.810328238174
532010,278.51291029771744
70051,133.6861969429044
1101416,0.0
236138,166.17936981097142
97479,92.8376367659058
1171419,0.0
1182962,0.0
314115,81.69712035399711
592204,222.810328238174
1490718,229.21100419810975
262166,194.7179004895297
16345,80.12973168132598
1469501,0.0
287449,126.2591860016319
1072158,36.693780175998725
740718,396.2928211766076
847843,286.2114819608833
1660385,275.9021356949129
1117600,0.0
1077211,0.0
1745422,93.38226147560178
1128872,0.0
191111,104.90652954547356
371336,122.3045438121232
200907,83.55387308931523
176178,164.99779988849625
289107,110.15125318095006
586963,102.1214004424964
1618610,0.0
222476,0.0
270882,122.54568053099568
1344666,0.0
1686473,0.0
602292,179.04401376281834
127751,53.50823791780389
113846,91.40287328861451
1706786,0.0
1055739,0.0
1002513,0.0
175527,92.8376367659058
857778,264.19521411773843
1611550,0.0
1753942,254.6788935534553
365187,70.8459680047354
149425,178.24826259053916
552558,72.78470722447015
649819,110.08133921572434
690019,0.0
631894,0.0
1420377,254.6788935534553
340487,157.8239825020399
269141,172.67800438458482
1378073,229.21100419810975
1542369,471.1559530738923
526377,122.54568053099568
1170379,396.2928211766076
1477346,203.74311484276424
367160,29.708043765089855
120314,81.69712035399711
326526,263.65888841517256
151638,141.11320788417683
1644765,0.0
761200,0.0
321103,68.6998512067703
142791,259.9453829445363
922806,0.0
1548655,169.78592954163838
1082959,66.04880352943461
1418638,458.4220083962196
766581,113.75071762700576
1218319,0.0
543975,77.98361488336089
1029182,0.0
1749246,0.0
523278,96.55114223654203
1441830,0.0
844432,0.0
219048,77.98361488336089
1137619,0.0
751059,0.0
985936,88.06507137257947
1562760,0.0
564869,16.71077461786305
339968,0.0
1677642,0.0
1592134,0.0
1687334,365.0397484386223
459592,54.74768065280846
916617,0.0
538457,77.98361488336089
1054755,14.677512332853851
610778,11.140516411908695
1180027,110.08133921572434
1393028,0.0
1224666,0.0
660553,594.4392317649115
342456,83.55387308931523
374094,86.33900219229241
1537326,356.5504509748374
405821,0.0
890763,220.16267843144868
300090,71.44077191128753
676900,572.4229639217666
1349049,0.0
976844,0.0
1303450,356.5504509748374
1065139,0.0
1527919,76.40366806603659
90598,79.840367618679
184124,137.3997024135406
585017,0.0
900439,124.7588515485782
1620358,0.0
1455997,382.018340330183
653061,0.0
1548771,165.54128080974596
1128176,264.19521411773843
297108,96.55114223654203
1060562,0.0
797085,0.0
649457,0.0
1247064,314.1039697279312
429196,107.69165864845075
1240180,0.0
116586,63.12959300081595
20543,91.75734426535708
1198936,110.08133921572434
1347587,0.0
1612859,382.018340330183
1754254,0.0
644969,0.0
464433,5.570258205954349
728361,0.0
221714,66.8430984714522
467719,131.57625065277014
264410,98.77924551892376
348622,139.52170553961844
1017362,0.0
981032,0.0
488375,137.3997024135406
1566304,0.0
637921,132.09760705886922
1063522,0.0
1304703,0.0
381889,110.4767877514279
226925,174.5347571199029
682974,0.0
1355728,0.0
1189494,462.34162470604224
1342812,0.0
813993,0.0
396272,141.11320788417683
1085618,44.03253568628973
1083986,0.0
1200098,0.0
1755457,0.0
475596,123.28838162512292
342289,0.0
161751,127.9214217837262
936914,0.0
1501984,63.66972338836383
582657,194.08692607514675
1187803,0.0
955859,0.0
1526613,0.0
1044222,234.84019076430252
1750019,407.4862296855285
803200,0.0
947400,234.84019076430252
453648,56.23308284106295
1158079,0.0
890948,62.37942643042501
236650,79.840367618679
1736835,0.0
795691,36.693780175998725
1133890,0.0
53986,200.52929541435657
1064376,88.06507137257947
265651,68.6998512067703
951478,0.0
1061019,352.26028549031787
1059069,0.0
1156030,0.0
1355915,0.0
1292048,101.87155742138212
937100,132.09760705886922
1148746,66.04880352943461
1668552,0.0
1013606,0.0
1567834,50.93577871069106
279648,37.135054706362325
721004,0.0
1617656,0.0
1498238,50.93577871069106
1497855,0.0
1678398,144.31804018629285
752941,0.0
546452,57.55933479486159
1690030,0.0
401550,11.140516411908695
608858,125.92159459521044
979035,117.42009603828718
886761,0.0
1230821,0.0
531341,195.75478838068145
1374229,0.0
778190,0.0
338506,233.95084465008264
40406,59.41608753017972
1522530,0.0
1016941,132.09760705886922
538791,63.12959300081595
88327,129.97269147226814
1382782,0.0
896390,198.1464105883038
97301,88.38143020114234
407986,22.281032823817394
330841,42.70531291231667
379972,57.559334794861606
418056,0.0
8524,61.27284026549784
516406,141.1132078841768
310970,54.031504597757184
414052,39.9201838093395
1133293,374.2765533334628
486154,85.41062582463334
1442834,0.0
365188,129.97269147226814
553567,116.97542232504132
1095488,0.0
1456754,0.0
1382695,25.46788935534553
1239300,50.93577871069106
894099,231.17081235302112
172794,24.933536731414705
189530,142.46357350986273
191353,88.2222799666865
1729706,144.31804018629285
907445,110.08133921572434
1662375,0.0
1323004,0.0
662416,88.06507137257947
1511739,25.46788935534553
932917,0.0
1383484,0.0
1264993,42.44648276491072
1718921,254.6788935534553
346967,69.07120175383392
505891,62.599092219296494
535347,159.680735237358
1253496,0.0
1469359,0.0
702243,271.53397094030123
1046006,0.0
1012138,22.016267843144867
1513684,0.0
396376,0.0
1221652,139.43636388143204
1545128,0.0
1492538,0.0
916789,0.0
1658721,84.89296552982144
605418,129.97269147226817
1575368,16.97859340956519
1557023,0.0
522176,167.3729965693902
509079,111.67041450984672
1639871,127.33944677672766
222125,148.5402188254493
996976,506.374160392332
240353,131.82944420758625
1214480,506.374160392332
130305,100.26464770717828
66576,123.89604615668158
1377692,0.0
122736,36.62866759673011
781223,0.0
261250,144.82671335481308
169615,156.76298093900095
62836,84.48224945697429
1265855,220.72170825232945
695008,0.0
1412138,0.0
658488,29.355024665707703
1556174,0.0
1200567,0.0
1328582,0.0
632470,0.0
37806,133.43300338808825
561124,0.0
45565,137.3997024135406
1204335,0.0
670271,0.0
473860,98.40789497186016
1697777,0.0
603189,168.96449891394855
917945,0.0
1746291,0.0
1737544,0.0
1755110,0.0
220578,122.54568053099568
1068866,0.0
425055,42.70531291231667
638583,205.48516741086664
1358527,127.33944677672766
1363372,0.0
901219,0.0
1686755,356.5504509748374
1365940,127.33944677672766
1298483,0.0
422194,14.854021882544927
1546713,509.3577871069106
140691,73.20910784968572
605607,172.05908680614544
292269,200.52929541435657
339217,219.09682276753776
147644,84.6679247305061
432896,218.75923136111624
920262,73.38756035199745
667897,308.2277498040282
438941,0.0
456680,93.76601313356488
324457,89.86683238939682
1037989,0.0
1036850,0.0
462553,94.69438950122392
746445,0.0
198121,51.989076588907245
268680,72.67860706816627
606182,150.3969715607674
473613,142.0415842518359
1206766,0.0
1155661,44.03253568628973
1011459,0.0
395782,38.99180744168044
891389,198.1464105883038
1628388,0.0
471923,109.04202427413664
1006069,0.0
1450950,0.0
219042,77.98361488336089
932549,0.0
674582,359.5990423128808
501240,35.27830197104421
847510,0.0
1390425,432.9541190408741
1266058,0.0
1268305,407.4862296855285
1557679,0.0
1503486,458.4220083962196
1338722,0.0
945639,132.09760705886922
117356,209.81305909094715
54207,66.8430984714522
1115110,33.024401764717304
765872,0.0
286602,142.96996061949494
401280,0.0
966160,0.0
640751,0.0
692248,0.0
681622,0.0
422161,66.8430984714522
1215214,0.0
1321646,0.0
1609931,0.0
838543,341.2521515687455
688231,418.30908901975255
1327432,0.0
779632,0.0
101184,124.1492397114977
745786,0.0
1520073,0.0
802105,176.1301427451589
1710653,0.0
728888,0.0
239350,59.41608753017972
915722,0.0
1745058,432.9541190408741
999451,0.0
295359,85.41062582463334
609333,122.03929342136344
969102,110.08133921572434
463493,135.34843272499867
1304276,195.2538188969839
856929,0.0
1171772,0.0
1672234,101.87155742138212
927805,165.12200882358653
1625361,407.4862296855285
1004700,154.1138749020141
1695281,0.0
655846,0.0
1567439,0.0
196233,66.84309847145218
134175,105.83490591313264
162935,0.0
124099,96.3035752051663
409164,0.0
1192455,198.1464105883038
1526448,0.0
1088424,0.0
1103915,190.8076550780128
1350878,0.0
1705334,365.0397474266192
743519,95.40382819514232
1514477,382.018340330183
1142420,132.09760705886922
513768,96.55114223654203
1452226,110.36085488516696
404799,66.8430984714522
277375,54.21717987128899
642089,0.0
1429566,356.5504509748374
1653319,203.74311484276424
1614174,331.0825616194919
1199720,0.0
1701814,382.018340330183
1038641,0.0
1346717,135.8287442405125
896040,44.03253568628973
909533,0.0
828087,227.50143525401157
1377019,0.0
1076065,0.0
1697277,0.0
871343,462.34162470604224
142236,121.4316288898048
1305231,0.0
647571,0.0
581055,0.0
1308146,280.14678290880084
606927,0.0
537330,29.201656655457647
956723,0.0
910438,0.0
610327,55.702582059543495
673630,220.16267843144868
1168467,95.40382819514232
1156665,0.0
1592728,0.0
375367,187.19443486070827
1698284,203.74311484276424
136792,168.7233621950761
275650,70.74227921562023
391722,133.6861969429044
842635,205.48516741086664
1319748,220.72170825232945
44862,184.18987134355712
71462,37.87775580048957
900233,55.04066960786217
1501582,0.0
740727,286.2114819608833
81768,33.4215492357261
1614176,0.0
1679517,0.0
231173,119.32730912311096
1310322,0.0
1458337,0.0
923405,0.0
1105101,165.12200882358653
747708,0.0
64371,27.851291029771748
1258146,509.3577871069106
485970,122.03929342136344
1550729,0.0
956698,0.0
1682527,534.8256764622562
208164,134.6145733105634
811928,638.4717674512012
1222654,0.0
795309,0.0
804076,176.1301427451589
62420,64.98634573613407
434762,81.19073324436489
935216,132.09760705886922
922826,308.2277498040282
1251811,382.018340330183
396967,18.567527353181163
1104259,0.0
620743,0.0
761465,0.0
1231702,0.0
1052001,264.19521411773843
453682,90.98088403058767
853840,0.0
602521,77.73042132854478
25487,68.6998512067703
292472,120.68892779567754
801995,0.0
572606,77.98361488336089
221139,44.56206564763479
1100881,168.79138723486793
880997,0.0
1684309,0.0
1027455,0.0
774890,550.4066960786217
1438192,254.6788935534553
1478920,127.33944677672766
301340,127.6095516273178
58647,60.15878862430697
680936,0.0
1628261,331.0825616194919
1728298,0.0
859937,0.0
848221,308.2277498040282
1072619,0.0
781930,264.19521411773843
74709,19.49590372084022
514306,85.41062582463334
1393581,0.0
652695,0.0
1162870,440.32535686289737
1646587,356.5504509748374
822944,44.03253568628973
675505,249.5177030971564
87567,107.69165864845074
502848,139.67844440688555
115639,96.55114223654203
64669,52.73177768303451
981505,0.0
310498,34.16425032985334
1663774,0.0
630772,44.03253568628973
1268174,0.0
243949,57.55933479486159
24816,113.2619168544051
164471,120.68892779567754
1119151,14.677512332853851
285070,89.38938168602931
756481,220.16267843144868
1739210,0.0
692596,0.0
451092,167.10774617863046
1615738,432.9541190408741
582755,94.69438950122392
1074946,36.693780175998725
1480792,0.0
1567682,0.0
108989,54.95988096541624
1029693,0.0
683804,77.05693745100704
1233261,0.0
900696,132.09760705886922
741670,0.0
1202100,0.0
954562,462.34162470604224
1321532,0.0
270042,116.97542232504132
1253314,407.4862296855285
1069249,110.08133921572434
1544723,0.0
175701,115.11866958972318
539961,235.30121027576857
977759,0.0
107361,33.4215492357261
1106118,0.0
354295,62.79200159439448
1023877,0.0
1223521,0.0
717807,0.0
1315083,0.0
536279,63.12959300081595
522873,28.965342670962617
849662,352.26028549031787
667399,0.0
407113,44.56206564763479
70682,58.48771116252066
349110,97.29384333066928
1301294,229.21100419810975
1621921,114.60550209905487
915280,132.09760705886922
1441708,0.0
1214941,0.0
1634380,305.61467226414635
1749951,0.0
1443626,305.61467226414635
1335677,280.14678290880084
116027,62.87639944599984
1402590,0.0
443839,81.59102019769323
131996,102.1214004424964
156058,93.02331203943764
616804,113.2619168544051
590228,113.57137564362476
218792,0.0
278331,30.63642013274892
987120,352.26028549031787
686825,220.16267843144868
308225,49.60182307206968
930257,187.1382766667314
671113,198.1464105883038
505318,12.997269147226811
1731729,0.0
1295438,0.0
180721,90.98088403058772
1722013,331.0825616194919
305586,136.47132604588154
221462,0.0
1502235,0.0
1435602,229.21100419810975
924389,14.677512332853851
1734326,0.0
1691713,0.0
631662,0.0
803896,363.2684194118904
148605,137.3997024135406
1151287,352.26028549031787
636791,0.0
1472163,382.018340330183
1575583,0.0
1531703,0.0
1678055,76.40366806603659
1580662,0.0
740876,286.2114819608833
573179,10.212140044249638
1433508,534.8256764622562
1227565,121.0894731372968
1593839,0.0
1290643,0.0
367550,107.426408257691
1628014,135.8287442405125
780375,484.3578925491872
625101,0.0
1755108,297.125376318366
980462,88.06507137257947
381545,11.883217506035944
1392104,0.0
177424,0.0
722540,146.77511939172308
559565,81.0339943770978
1401355,76.40366806603659
276668,53.33944221459315
106661,44.56206564763479
418165,47.7691840086388
953563,0.0
992884,231.17081235302112
1545112,118.85015083094731
221535,0.0
1729062,152.80733613207315
1469029,0.0
1122914,506.374160392332
952223,286.2114819608833
1741180,292.8807275864736
1275651,0.0
1569521,16.97859340956519
268110,194.9590372084022
80328,66.8430984714522
1352543,0.0
1407081,101.87155742138212
70368,69.62822757442936
319284,226.5238337088102
984977,0.0
457542,147.93898460639392
985851,0.0
681164,249.5177030971564
535862,121.701702014942
1708791,80.64831679792903
990110,0.0
1314688,280.14678290880084
951765,374.2765533334628
613604,51.989076588907245
392630,122.54568053099568
650507,0.0
317706,0.0
1643033,0.0
1265367,191.0091701650915
33675,100.26464770717828
684786,0.0
1431074,0.0
96711,0.0
1464103,203.74311484276424
815873,0.0
316694,140.3705067900496
1219485,132.09760705886922
1002431,0.0
1063249,660.4880352943461
786160,242.1789462745936
798879,121.0894731372968
1662018,0.0
142220,131.57625065277014
1534721,101.87155742138212
1245925,0.0
358599,135.5429496782225
1621551,216.47705952043705
1258112,305.61467226414635
1177534,154.1138749020141
481450,133.6861969429044
851447,396.2928211766076
1186067,308.2277498040282
822744,0.0
1153620,110.08133921572434
466515,100.26464770717828
648153,176.1301427451589
1144353,66.04880352943461
1738157,662.1651232389838
751449,0.0
1322195,331.0825616194919
94163,136.65700131941335
1176134,121.0894731372968
1484997,246.18959760767495
819013,0.0
1329814,0.0
1194073,0.0
1357076,93.38226147560178
183397,0.0
606335,63.5515822588428
1318880,76.40366806603659
144137,172.94325477534457
1720461,0.0
668943,319.2358837256006
1737820,0.0
807383,242.1789462745936
659875,0.0
866304,0.0
118128,55.702582059543495
1156986,66.04880352943461
759483,0.0
340401,163.57107430183407
947379,308.2277498040282
1747098,229.21100419810975
1071046,0.0
1462357,764.036680660366
422510,27.851291029771748
1295532,118.85015083094731
1746025,203.74311484276424
75845,111.405164119087
446744,0.0
1318774,0.0
1167531,0.0
654898,0.0
1516197,195.2538188969839
1067894,0.0
808506,0.0
1367038,0.0
681032,0.0
1309731,0.0
649799,0.0
1166773,0.0
1012602,0.0
1126577,418.30908901975255
1700429,0.0
147546,137.3997024135406
130525,118.83217506035945
1617303,246.18959760767495
733972,0.0
843519,363.2684194118904
1185772,80.72631586228846
1396321,0.0
446782,153.1821006637446
477595,237.6643501207189
269018,111.0675727126655
241264,27.851291029771748
294050,63.12959300081595
1065054,0.0
499749,102.1214004424964
124515,70.55660394208842
1134424,0.0
1524586,0.0
486918,92.8376367659058
1495227,110.36085488516696
1726426,0.0
287907,165.25099344331235
1409543,343.81650629716466
1699347,0.0
46179,0.0
814325,308.2277498040282
1455294,331.0825616194919
1647137,0.0
92288,83.04748597968302
1086202,66.04880352943461
644676,264.19521411773843
133270,154.90622820368284
633076,0.0
139976,0.0
871891,44.03253568628973
704107,0.0
1562081,0.0
1421297,432.9541190408741
1549554,0.0
1497786,0.0
1543921,0.0
231272,167.10774617863044
560951,46.41881838295291
690096,0.0
1454981,140.07339145440042
423040,42.33396236525305
649380,0.0
337188,70.55660394208842
1259908,0.0
1108433,0.0
1456744,0.0
1046319,190.8076550780128
1231487,0.0
1571706,0.0
982303,0.0
1422870,0.0
485582,174.5347571199029
1159230,0.0
1415092,106.11620615327456
568932,207.95630635562895
899062,102.74258370543332
473858,109.54841138376884
1081962,0.0
1169179,124.7588515485782
1275190,0.0
489967,159.680735237358
145261,61.27284026549784
263306,0.0
1313566,543.3149739260409
679335,0.0
606468,76.54885140606962
1186241,330.24401764717305
1097744,0.0
1035773,462.34162470604224
1293750,0.0
328625,133.6861969429044
83244,58.35508596714079
1286983,25.46788935534553
1679005,0.0
772093,36.693780175998725
1460215,0.0
1093919,0.0
1109091,220.16267843144868
14348,38.99180744168044
61569,64.98634573613407
925203,227.50143525401157
1025377,264.19521411773843
1254056,229.21100419810975
1092464,55.04066960786217
1227385,198.1464105883038
1721106,50.93577871069106
997189,359.5990423128808
1728427,0.0
44856,115.11866958972318
123861,31.311602945591872
239997,122.54568053099568
377680,23.02373391794464
432148,116.72222877022524
1657358,0.0
1717905,0.0
1494147,0.0
106456,146.15296530861173
1430720,0.0
316127,133.6861969429044
1500205,0.0
1028668,0.0
746800,0.0
710354,198.1464105883038
452060,152.25372429608552
827894,154.1138749020141
813733,264.19521411773843
1304946,0.0
499098,100.26464770717828
1473661,0.0
1053453,297.21961588245574
1468064,0.0
152066,163.39424070799424
20450,72.67860706816627
598460,193.1022844730841
349560,118.83217506035945
144035,128.53792799497683
443837,147.0548166371948
1749114,267.4128382311281
1071695,198.1464105883038
904419,0.0
1368656,0.0
410399,118.83217506035945
438045,122.54568053099568
579116,44.56206564763479
1313105,0.0
1239845,0.0
985459,22.016267843144867
939837,66.04880352943461
832304,0.0
1261267,0.0
1094097,0.0
909994,0.0
1289588,0.0
1091586,154.1138749020141
1085725,0.0
1433916,483.8898977515651
1327621,0.0
2291,0.0
1370724,305.61467226414635
740572,462.34162470604224
1472250,0.0
1655766,0.0
623424,0.0
691194,161.45263172457692
1388552,203.74311484276424
120558,100.81283184808171
331067,94.69438950122392
1506330,305.61467226414635
44354,122.54568053099568
53032,109.54841138376884
1067792,0.0
682596,0.0
1217179,0.0
1741350,0.0
1463661,0.0
88603,82.43982144812438
111273,66.8430984714522
1441753,178.2752254874187
410523,55.702582059543495
1531616,101.87155742138212
1752916,0.0
127778,163.3942407079942
760889,0.0
1185240,198.1464105883038
1386020,0.0
1013125,0.0
528941,131.82944420758625
70266,126.2591860016319
592426,102.1214004424964
647295,0.0
1080463,14.677512332853851
316723,100.26464770717828
1716101,0.0
1213017,110.08133921572434
1374694,0.0
94027,74.27010941272465
388277,142.96996061949494
113491,74.27010941272465
947821,242.1789462745936
497482,79.840367618679
822695,0.0
1229750,66.04880352943461
1407219,229.21100419810975
868079,0.0
796439,0.0
867959,110.08133921572434
787129,176.1301427451589
1490102,0.0
26152,185.67527353181163
63881,53.33944221459315
936568,88.06507137257947
304653,118.83217506035945
1504488,101.87155742138212
1390874,101.87155742138212
567857,43.50106408459587
378412,37.40030509712206
1637336,0.0
1058096,0.0
375893,59.41608753017972
1635095,178.2752254874187
1125498,319.2358837256006
344031,49.625936743956935
1144737,88.06507137257947
594797,83.55387308931523
1150775,0.0
1435135,229.21100419810975
1355122,0.0
134305,86.64283445807173
578728,24.137785559135512
145852,70.55660394208842
1681377,0.0
1482100,229.21100419810975
679294,176.1301427451589
1474681,0.0
1059872,0.0
772700,0.0
563662,28.7796673974308
1015268,88.06507137257947
695254,121.0894731372968
1716726,0.0
1660989,33.95718681913038
809589,0.0
227283,120.68892779567754
1114724,0.0
495546,51.735883034091145
1432233,229.21100419810975
1371734,0.0
1052961,0.0
421981,230.2373391794464
1698750,0.0
13646,202.38604814967465
785597,0.0
1184748,220.16267843144868
137963,144.82671335481308
602201,61.27284026549784
1136185,0.0
766199,91.7344497838609
1274925,140.07339145440042
1688332,101.87155742138212
903595,0.0
99738,115.11866958972318
767308,0.0
905092,0.0
1347494,0.0
1632365,212.2324123065491
1422504,0.0
63820,48.275571118271024
739284,0.0
450719,103.97815317781448
453670,44.56206564763479
1536621,0.0
1678588,331.0825616194919
1490928,305.61467226414635
1250087,212.2324123065491
503745,105.83490591313264
141976,85.41062582463334
711409,0.0
1279144,280.14678290880084
1033017,264.19521411773843
883382,286.2114819608833
1090089,0.0
752855,0.0
38571,118.83217506035945
309622,52.91745295656632
1545876,0.0
397762,102.49275098956
652628,110.08133921572434
237440,136.20607565512182
1060011,429.3172229413249
1650551,0.0
401199,24.137785559135512
1562648,254.6788935534553
1064898,198.1464105883038
305866,209.0173079186679
584083,109.54841138376884
675574,462.34162470604224
1348523,229.21100419810975
579717,64.05796936847501
1073361,0.0
848992,0.0
1420026,0.0
1625174,0.0
1264501,0.0
383401,61.64419081256146
719669,0.0
468906,77.98361488336089
776916,183.4688995677218
539470,106.76328228079169
920538,0.0
906149,0.0
1155412,0.0
475543,131.45809366052262
308882,50.13232385358914
199493,90.05250766292863
1356145,0.0
709518,198.1464105883038
641405,132.09760705886922
927504,297.21961588245574
1118855,0.0
537527,77.98361488336089
1677326,662.1651232389838
1730995,178.2752254874187
1012668,0.0
1642906,0.0
619885,0.0
690066,286.2114819608833
636338,0.0
1406818,127.33944677672766
1721904,0.0
988694,0.0
978277,113.75071762700576
1202153,0.0
1146746,0.0
564669,32.57274798529495
187596,33.4215492357261
533554,81.69712035399711
1585612,152.80733613207315
1211889,0.0
1500445,292.8807275864736
236276,110.66246302495976
1741291,382.018340330183
1634070,178.2752254874187
1432811,0.0
80596,44.56206564763479
1375146,0.0
321020,180.1050153258573
849283,0.0
577645,100.26464770717828
712440,161.45263172457692
203447,27.32079024825228
851136,220.16267843144868
1202906,0.0
496252,159.680735237358
126017,110.89877700945476
1176568,198.1464105883038
258828,96.55114223654203
1019472,286.2114819608833
1471099,0.0
907750,330.24401764717305
676348,0.0
1665286,407.4862296855285
1722197,0.0
1608710,0.0
1348119,0.0
1637705,0.0
295556,81.69712035399711
1165732,0.0
635174,484.3578925491872
1225160,205.48516741086664
847614,176.1301427451589
1568710,331.0825616194919
1047793,220.16267843144868
325511,103.04977681015546
1287837,288.6360803725857
431728,85.41062582463334
1186372,0.0
1415368,0.0
1186109,51.37129250885258
1494496,50.93577871069106
1616252,212.2324123065491
1529558,203.74311484276424
1141585,132.09760705886922
871888,0.0
318476,126.2591860016319
309018,68.19346409713809
1739003,229.21100419810975
1482455,0.0
896347,55.04066960786217
102962,123.89604615668156
627033,205.48516741086664
751344,0.0
194387,58.56728627974858
1011895,73.38756035199745
1591140,152.80733613207315
966914,220.16267843144868
1074827,0.0
1032562,0.0
363002,83.55387308931523
772040,29.355024665707703
20159,55.702582059543495
1753505,280.14678290880084
27141,129.71949791745203
869836,0.0
1749103,0.0
926976,198.1464105883038
1047063,264.19521411773843
169642,125.198184438593
600226,96.55114223654206
62637,0.0
253927,137.3997024135406
214998,45.88831760143344
519247,89.98498938164435
790433,0.0
568064,172.67800438458482
615507,25.994538294453623
697448,0.0
1332174,0.0
211492,125.33080963397283
1474028,25.46788935534553
734960,157.7832533132955
348941,134.21669772442385
945294,0.0
1193848,0.0
452584,134.1081862009312
1426135,0.0
360495,116.72222877022524
1609561,0.0
1531802,101.87155742138212
1237725,331.0825616194919
1520444,0.0
1754064,0.0
518153,115.11866958972318
1275187,0.0
1437839,0.0
45266,129.4156656516727
1663101,186.7645229512036
1344080,169.78592954163838
1471962,636.6972338836382
1678265,101.87155742138212
558556,118.83217506035946
1595764,373.52904438440265
1739496,0.0
822462,44.03253568628973
868930,176.1301427451589
1393854,0.0
1162210,0.0
834002,308.2277498040282
4322,120.43573424086146
590165,163.39424070799424
1092262,374.2765533334628
1442526,186.7645229512036
1591146,356.5504509748374
1630766,0.0
64862,70.5566039420884
1602513,0.0
1487530,50.93577871069106
818844,286.2114819608833
194116,161.53748797267613
797510,0.0
1131051,242.1789462745936
798980,0.0
2060,119.76055142801852
131109,59.41608753017972
1724787,178.2752254874187
315526,49.01827221239827
1355671,0.0
407196,0.0
895252,0.0
969730,0.0
1303864,0.0
1113979,154.1138749020141
520150,0.0
1737849,560.2935658176017
707315,0.0
1595260,203.74311484276424
1374529,0.0
720895,132.09760705886922
1712542,0.0
1078081,0.0
1026456,69.71818194071602
1427828,0.0
181039,124.91525068844926
938432,88.06507137257947
1605698,0.0
1463567,89.13761274370935
209559,0.0
1063226,704.5205709806357
1356277,0.0
462341,129.04431510460907
1651887,0.0
1452767,178.2752254874187
1442724,305.61467226414635
749625,176.1301427451589
566635,82.33372129182047
990954,0.0
790315,0.0
1599821,0.0
596199,212.46556299854444
132382,0.0
1252027,0.0
549347,96.55114223654203
122535,64.98634573613407
61956,47.34719475061196
1592909,0.0
497711,83.04748597968302
389968,81.19073324436489
831211,0.0
1106263,234.84019076430252
540628,18.567527353181163
952959,242.1789462745936
459064,55.702582059543495
190276,126.2591860016319
711603,0.0
472561,226.5238337088102
1498088,0.0
1378249,0.0
820366,0.0
252573,174.5347571199029
916061,110.08133921572434
1693954,0.0
1211758,0.0
424353,78.24886527412062
1078417,0.0
1696842,0.0
1524917,280.14678290880084
1213369,396.2928211766076
321244,146.7075797620184
598053,159.680735237358
150013,0.0
639787,66.04880352943461
369339,66.33671136181997
1361766,0.0
104915,181.4553809515432
381750,40.84856017699856
714271,80.72631586228846
283730,126.00599244681578
1530106,203.74311484276424
1607532,0.0
760172,176.1301427451589
37536,120.43573424086144
852296,308.2277498040282
1679986,0.0
1498596,0.0
653410,330.24401764717305
1297224,0.0
1102641,0.0
779129,0.0
1051466,330.24401764717305
700702,0.0
475883,161.53748797267613
819463,0.0
1245000,152.80733613207315
68388,83.18252254225162
1298666,0.0
131419,37.135054706362325
1707948,0.0
454335,55.702582059543495
6318,41.2705494350254
1583028,140.07339145440042
865578,99.0732052941519
1215184,154.1138749020141
1060611,168.79138723486793
818098,212.82392292115765
873044,88.06507137257947
387393,137.66495280430033
1417770,356.5504509748374
1034197,0.0
231100,207.95630635562895
274490,33.4215492357261
872948,234.84019076430252
1687946,0.0
1736186,0.0
1066550,0.0
7943,67.21444901851581
572334,174.5347571199029
744026,418.30908901975255
1018650,44.03253568628973
1701422,0.0
1736932,0.0
1163678,0.0
1045293,418.30908901975255
477768,111.90029818183848
200584,55.888257333075295
945175,0.0
862257,0.0
1209280,0.0
143545,271.085899356445
1598543,84.89296552982144
1216451,0.0
835368,506.374160392332
1723422,0.0
1627143,267.4128382311281
1110931,220.16267843144868
127452,0.0
734124,0.0
1407328,0.0
178559,0.0
1724138,509.3577871069106
396817,189.56561259628768
541085,77.24091378923364
1237935,0.0
1607257,178.2752254874187
371571,0.0
878534,0.0
303190,34.217300408005286
299294,61.01964671068173
334579,35.02510841622811
729983,154.1138749020141
70653,40.84856017699856
647178,352.26028549031787
1074066,0.0
1046923,154.1138749020141
1000249,117.42009603828718
534027,0.0
1190761,0.0
1429933,0.0
846807,0.0
1065523,440.32535686289737
1165978,550.4066960786217
1690500,0.0
96964,47.34719475061196
884999,0.0
899902,124.7588515485782
1698865,0.0
1386636,203.74311484276424
1417247,0.0
1039931,231.17081235302112
1199417,0.0
129958,62.88845628194346
1025791,36.693780175998725
1139907,0.0
884198,275.20334803931087
1343757,0.0
1089764,0.0
192762,103.04977681015546
1512715,0.0
375000,123.84540744571837
227591,202.38604814967465
725844,0.0
430817,178.24826259053916
68485,36.20667833870327
498851,113.2619168544051
1627765,0.0
30968,172.67800438458482
1672429,101.87155742138212
701886,352.26028549031787
471143,124.4024332663138
740351,0.0
578393,71.90696956777431
399794,50.13232385358914
107858,137.3997024135406
1534891,0.0
331101,0.0
1625951,0.0
292220,137.3997024135406
1196847,308.2277498040282
267370,76.92261332032196
1427645,0.0
1757261,254.6788935534553
1241122,0.0
1054564,51.37129250885258
1614899,0.0
1559157,144.31804018629285
543031,41.776936544657616
54577,122.29248697617956
104709,133.8630305367442
49690,0.0
481246,66.8430984714522
1613126,152.80733613207315
1629297,229.21100419810975
924423,0.0
144345,105.83490591313264
161733,46.41881838295291
1020587,220.16267843144868
1250382,0.0
1051956,0.0
1135348,146.77511939172308
271054,0.0
807895,352.26028549031787
1346266,93.38226147560178
306018,88.87093774045347
371642,0.0
1172910,135.76698547015062
1006489,326.5746396733155
1626220,0.0
276357,77.05523851570183
858288,183.4688995677218
516746,178.24826259053916
838008,0.0
1638580,0.0
1697467,178.2752254874187
1364941,0.0
1649001,331.0825616194919
481532,66.8430984714522
145894,115.11866958972318
1034899,0.0
1036319,0.0
903309,110.08133921572434
529047,142.96996061949494
1677360,0.0
843768,0.0
87726,141.11320788417683
729560,0.0
1501836,0.0
590242,100.26464770717828
1692122,63.66972338836383
813381,0.0
434309,159.34314383093653
1060390,88.06507137257947
29782,113.2619168544051
1234926,0.0
480311,44.56206564763479
309864,29.708043765089855
1291995,0.0
511266,74.27010941272465
118771,152.25372429608552
389147,69.15801097262802
498967,95.8084411424148
1550849,0.0
397552,113.008723299589
1485361,662.1651232389838
653002,0.0
1426667,118.85015083094731
1521746,0.0
1382541,50.93577871069106
407982,222.810328238174
316210,47.34719475061196
308411,105.83490591313264
323473,113.2619168544051
782142,0.0
694915,0.0
1360062,237.70030166189463
401406,0.0
1107931,264.19521411773843
1178809,249.5177030971564
1388713,585.7614551729472
597157,159.34314383093653
1301254,382.018340330183
949874,121.0894731372968
55531,64.98634573613407
169229,0.0
184273,40.84856017699856
681581,0.0
1259638,0.0
408781,144.82671335481308
424868,3.713505470636231
353197,83.30067953449914
1673709,203.74311484276424
1346134,0.0
1242649,0.0
457045,55.99194612219047
5115,64.98634573613407
532276,148.5402188254493
1018340,264.19521411773843
255934,141.11320788417686
869283,154.1138749020141
1395930,483.8898977515651
1597577,101.87155742138212
60382,42.70531291231667
688801,0.0
212378,111.405164119087
1333174,0.0
83932,116.72222877022524
926145,0.0
267041,144.48912194839158
1111525,102.74258370543332
1508760,318.3486169418191
444542,25.994538294453623
94809,179.7674239194358
266800,155.96722976672177
119482,114.19029322206416
815608,385.2846872550352
734301,0.0
818568,374.2765533334628
464577,116.97542232504132
1748762,0.0
1081242,198.1464105883038
964821,0.0
997297,0.0
746140,0.0
324118,62.20121663315691
1535609,0.0
560104,170.82125164926669
338189,146.17707898049898
410200,70.55660394208842
937667,0.0
402610,29.708043765089855
1696121,0.0
203974,98.21337801863636
1370034,152.80733613207315
283787,211.41661827144915
991,33.4215492357261
1256768,0.0
738463,132.09760705886922
824556,0.0
1309242,0.0
946129,0.0
505743,133.43300338808825
708137,0.0
432052,174.5347571199029
655563,0.0
764676,0.0
168523,193.8980356453633
1540615,305.61467226414635
1672068,0.0
1470509,382.018340330183
407611,77.98361488336089
816795,0.0
1018738,0.0
910454,187.1382766667314
1452921,0.0
756586,44.03253568628973
1703253,0.0
543920,85.41062582463334
528073,92.8376367659058
201470,100.26464770717828
901855,88.06507137257947
58745,37.87775580048957
261069,45.09256642915425
170858,178.24826259053916
147618,85.41062582463334
487933,146.97283015277816
932052,0.0
680359,0.0
1371699,432.9541190408741
506721,90.98088403058767
548982,128.11593873695003
562357,61.53809065625757
275766,85.03927527756973
1338225,0.0
762690,66.04880352943461
1709017,382.018340330183
263626,207.6187149492076
466594,37.135054706362325
1647585,331.0825616194919
1586813,67.91437212025625
400610,152.25372429608552
517302,105.83490591313264
354241,41.776936544657616
1151018,0.0
1205205,0.0
1016216,88.06507137257947
1510170,0.0
843587,44.03253568628973
1653181,76.40366806603659
177245,116.4690352154091
1215573,0.0
879460,0.0
1182609,0.0
119277,116.72222877022524
645816,0.0
218967,0.0
947504,0.0
1616894,0.0
1431720,369.2843956525102
1202567,528.3904282354769
192878,115.11866958972318
1191190,0.0
1008208,0.0
375793,142.96996061949494
1230277,0.0
258461,73.76372230309244
520864,246.94811379730947
1338585,0.0
413347,64.61499518907044
1086769,0.0
415366,52.51957737042672
926403,0.0
309140,0.0
321774,200.52929541435657
703367,0.0
604339,141.11320788417683
133647,189.38877900244785
1159614,88.06507137257947
414848,33.4215492357261
909806,341.2521515687455
849981,176.1301427451589
991948,231.17081235302112
395019,109.54841138376888
1601449,369.2843956525102
390598,80.21171816574262
1365568,0.0
428178,92.8376367659058
1712413,0.0
1291350,0.0
161450,98.40789497186016
271470,163.3942407079942
540555,244.58497395235912
937629,110.08133921572434
1261674,0.0
1057973,0.0
219006,33.4215492357261
9832,206.09955362031093
1731788,0.0
1710538,398.99693373974816
1421257,0.0
612914,74.27010941272465
1261418,0.0
113673,204.2428008849928
877013,0.0
1613463,305.61467226414635
1332819,42.44648276491072
1452272,0.0
1398995,0.0
1547282,0.0
1053735,374.2765533334628
874972,179.7995211564404
674846,0.0
137816,112.14786521321425
272132,109.29521782895276
1037956,0.0
1087919,17.846520145579547
1214571,374.2765533334628
878859,88.06507137257947
1491853,0.0
1289319,186.7645229512036
308682,174.5347571199029
1248352,534.8256764622562
1200552,0.0
322057,189.38877900244785
628667,0.0
607430,102.1214004424964
1363248,101.87155742138212
25141,76.12686214804276
1455406,59.42507617447591
329181,73.73960863120519
1002763,0.0
265282,133.6861969429044
1408554,127.33944677672766
869191,264.19521411773843
997826,0.0
907205,278.87272645059227
715071,286.2114819608833
110513,81.69712035399711
238749,80.76874398633807
243148,53.47447877716175
1308112,331.0825616194919
1310097,25.46788935534553
627127,0.0
1619276,356.5504509748374
1309012,0.0
638303,0.0
337761,258.08863020921814
646366,0.0
1096008,0.0
1013942,256.8564586074474
338475,296.0194360878597
1598803,0.0
713375,0.0
517702,159.680735237358
422875,209.47546768452568
216439,83.55387308931523
1353138,339.5718590832768
391299,102.1214004424964
339065,123.07618131251516
489572,89.86683238939682
1116188,0.0
1357161,152.80733613207315
569691,137.1465088587245
1011742,0.0
1203077,110.08133921572434
1528945,50.93577871069106
273770,0.0
64662,98.40789497186016
323361,165.51624383407207
781061,0.0
113816,224.6670809734921
551544,56.86968377888631
74663,40.84856017699856
1094241,58.71004801914359
634763,0.0
858807,286.2114819608833
1321126,585.7614551729472
347728,115.75527052754654
264258,124.4024332663138
354308,49.62593674395692
1663006,0.0
1297384,0.0
429021,202.6512985404344
725333,286.2114819608833
639830,110.08133921572434
227155,150.3969715607674
1252432,118.85015083094731
760640,0.0
699692,113.75071762700576
255463,174.5347571199029
420579,155.96722976672177
653289,0.0
47865,163.3942407079942
716329,264.19521411773843
32855,7.798361488336088
1740804,0.0
1685753,152.80733613207315
1229863,0.0
332501,78.91199125101994
1657008,118.85015083094731
1630275,0.0
727721,209.15454450987627
1490443,152.80733613207315
1396236,0.0
651009,132.09760705886922
1317440,212.2324123065491
488217,177.74187548090694
1414941,212.2324123065491
1250550,547.5596211399289
1675045,50.93577871069106
767057,176.1301427451589
62634,53.84582932422537
231036,127.87480201807752
1532589,50.93577871069106
293729,73.3417330450656
131686,144.82671335481308
698981,0.0
1741600,0.0
1537430,458.4220083962196
1732028,0.0
344144,24.137785559135512
612295,111.67041450984672
962347,0.0
727611,0.0
1710315,0.0
793358,80.72631586228846
589140,181.62417665475397
309525,25.06616192679457
633660,88.06507137257947
853494,102.74258370543332
340298,0.0
188935,187.79727665788943
133999,62.201216633156896
1267132,466.9113058600044
1317065,0.0
709954,143.10574098044165
1588089,0.0
1402056,0.0
1332032,0.0
988109,77.05693745100704
1172407,0.0
1536009,0.0
1104718,44.03253568628973
1439410,0.0
1262835,0.0
1202678,0.0
127745,80.76874398633807
1613445,254.6788935534553
738285,44.03253568628973
7435,121.4316288898048
330976,189.0511875960264
1308844,0.0
371928,148.3794610128677
51756,58.48771116252066
1205248,0.0
61200,75.3841610539155
751069,0.0
1614049,0.0
393786,87.00212816919174
1609518,0.0
1645647,0.0
1710727,50.93577871069106
1035604,0.0
116230,213.28542784271085
1001361,168.79138723486793
66686,144.48912194839158
1180429,154.1138749020141
255074,174.5347571199029
1132025,484.3578925491872
917426,0.0
488655,178.24826259053916
100570,93.10288715666556
541623,0.0
1699812,152.80733613207315
114131,233.95084465008264
463220,77.98361488336089
450873,137.3997024135406
1056603,154.1138749020141
1588903,0.0
1455268,0.0
247534,37.135054706362325
647711,286.2114819608833
860582,0.0
630998,209.15454450987627
1461040,331.0825616194919
1709886,288.6360803725857
711471,143.10574098044165
1539062,0.0
268286,144.82671335481308
951243,110.08133921572434
865564,0.0
1550365,0.0
856114,0.0
1006072,0.0
1380991,55.18042744258348
1488790,76.40366806603659
1311729,76.40366806603659
1710097,50.93577871069106
389417,126.2591860016319
1088775,154.1138749020141
1073891,0.0
1530494,254.6788935534553
1586581,398.99693373974816
1408903,178.2752254874187
124397,65.2515961268938
903800,0.0
352312,48.275571118271024
1696390,458.4220083962196
701219,66.04880352943461
694418,0.0
1114261,168.79138723486793
1429576,0.0
406066,0.0
730193,374.2765533334628
1175766,440.32535686289737
878081,0.0
110835,49.20394748593008
1601150,0.0
1698153,0.0
97326,162.88785359836203
244345,96.55114223654203
955287,0.0
1676924,241.94494887578256
1376289,0.0
1103773,51.37129250885258
687488,0.0
270515,213.52656456158337
1718079,0.0
1653341,76.40366806603659
456414,61.01964671068173
1680969,76.40366806603659
855741,0.0
953638,0.0
1149316,0.0
1449808,140.07339145440042
998105,330.24401764717305
377073,129.22999037814088
1345867,0.0
1325923,0.0
536171,0.0
1205280,0.0
1541521,0.0
534593,191.245531737766
16373,90.98088403058767
1359290,0.0
1329801,0.0
153428,48.275571118271024
136055,0.0
1307719,0.0
809024,0.0
196487,54.58853041835262
1307987,280.14678290880084
862198,0.0
745801,330.24401764717305
1482096,0.0
887933,154.1138749020141
945611,220.16267843144868
885198,374.2765533334628
333141,70.31546722321595
1159676,0.0
217179,33.4215492357261
48802,103.7249596229984
1397523,0.0
358359,89.12413129526956
214484,122.54568053099568
317002,180.10501532585727
1322186,241.94494887578256
1747381,110.36085488516696
1419193,0.0
649951,220.16267843144868
651261,154.1138749020141
1580233,229.21100419810975
275826,102.1214004424964
1249272,0.0
1586078,178.2752254874187
50837,140.77561647775536
896070,132.09760705886922
1734475,0.0
1041740,176.1301427451589
989909,0.0
541938,129.97269147226814
34221,61.01964671068173
22865,40.84856017699856
196302,23.209409191476453
390971,0.0
1078491,0.0
35396,0.0
1431254,0.0
139012,190.6266141593266
78606,0.0
1277615,67.91437212025625
2295,74.27010941272465
155020,53.64568584756121
531692,177.7177618090197
753409,0.0
672712,154.1138749020141
1563542,0.0
1703557,203.74311484276424
1751769,0.0
70744,68.06083890175822
156313,0.0
1176231,0.0
706559,58.71004801914359
1188027,352.26028549031787
1415059,331.0825616194919
617270,154.11047703140363
1274919,0.0
1447657,0.0
306638,144.82671335481305
709193,0.0
372018,27.851291029771748
1519741,0.0
1061615,308.2277498040282
809239,249.5177030971564
1241489,101.87155742138212
1644922,50.93577871069106
445589,129.46630436263592
1399740,0.0
1379999,547.5596211399289
990133,264.19521411773843
652287,88.06507137257947
1072065,0.0
1024283,0.0
1283382,0.0
641068,0.0
1397963,0.0
1447276,0.0
1704267,229.21100419810975
351702,34.34992560338515
1366066,0.0
209564,152.43055788992532
975052,0.0
282798,51.989076588907245
802524,0.0
814747,319.2358837256006
217249,0.0
56800,141.48455843124046
1132814,0.0
1536252,0.0
782744,352.26028549031787
178316,89.12413129526958
939027,132.09760705886922
199486,63.12959300081595
644013,0.0
1639738,369.2843956525102
123332,72.41335667740654
1693040,0.0
237960,42.70531291231667
1231577,0.0
616885,33.42154923572609
1641053,0.0
904068,0.0
1100514,352.26028549031787
313524,74.27010941272465
973051,0.0
151766,122.29248697617956
129375,118.83217506035946
1433385,110.36085488516696
1654186,0.0
596679,196.81578994372035
1735057,0.0
596254,107.69165864845074
958294,143.10574098044165
1602330,356.5504509748374
1210477,220.16267843144868
408444,89.12413129526958
1341868,152.80733613207315
1556810,0.0
1201661,0.0
835147,0.0
871701,0.0
454520,71.8563308568111
340055,160.21123601887746
697212,44.03253568628973
913661,0.0
733119,198.1464105883038
438615,68.08093362833092
1687431,0.0
1139579,176.1301427451589
796595,0.0
800465,58.71004801914359
1051106,528.3904282354769
1540627,0.0
206351,187.02563915749755
291956,106.25689517115946
1355945,0.0
100225,103.04977681015546
155390,0.0
230525,129.04431510460907
178710,267.3723938858088
947185,0.0
1222943,0.0
1058434,0.0
1535831,101.87155742138212
1203325,0.0
176589,250.6616192679457
81542,0.0
973726,0.0
1195920,110.08133921572434
498520,152.25372429608555
772126,14.677512332853851
566816,48.275571118271024
1549665,0.0
24165,145.75508972247212
233354,101.8682068876803
1302819,441.4434165046589
1757211,356.5504509748374
67433,100.26464770717828
785099,154.1138749020141
27422,230.2373391794464
1673297,0.0
1565823,0.0
1142439,330.24401764717305
192139,48.275571118271024
671523,0.0
805925,0.0
405008,22.281032823817394
352631,74.6920986707515
832051,0.0
665159,253.187080196166
269748,79.840367618679
1196253,418.30908901975255
127353,0.0
691739,0.0
1489631,76.40366806603659
867866,102.74258370543332
1597635,241.94494887578256
1580056,127.33944677672766
510249,69.99957812149299
439920,22.281032823817394
1012876,88.06507137257947
87474,0.0
1324085,0.0
65583,81.69712035399711
956577,0.0
331586,53.84582932422537
1044174,0.0
1006797,264.19521411773843
1138193,0.0
507330,177.99506903572308
1149921,0.0
649300,0.0
925700,418.30908901975255
887111,0.0
1455027,0.0
537717,122.54568053099568
842121,286.2114819608833
438609,100.26464770717828
642107,0.0
474385,77.98361488336089
844654,319.2358837256006
1219954,88.06507137257947
732280,550.4066960786217
1019537,0.0
1025694,0.0
1577587,101.87155742138212
1601780,152.80733613207315
899517,0.0
264311,180.10501532585727
894644,0.0
796006,66.04880352943461
148821,0.0
228652,211.41661827144915
724588,95.40382819514232
1361208,152.80733613207315
1157314,0.0
1246312,127.33944677672766
1017047,0.0
1335223,0.0
1189682,0.0
1328238,0.0
1357799,0.0
406313,0.0
691633,227.50143525401157
1422430,0.0
580751,144.82671335481308
170507,125.75279889199967
1559314,0.0
188511,137.3997024135406
1310152,0.0
421291,100.26464770717828
1623134,191.0091701650915
1234572,0.0
1418775,0.0
1231375,0.0
779559,0.0
1085172,146.77511939172308
519892,193.1022844730841
1278946,0.0
1001461,286.2114819608833
577502,96.55114223654203
1603369,522.0917317845834
170137,128.04359772128825
155794,25.994538294453623
413532,172.94325477534457
1016753,198.1464105883038
1183901,264.19521411773843
232229,131.57625065277014
1090256,154.1138749020141
742420,0.0
647176,0.0
937208,0.0
1211042,0.0
986225,0.0
874894,99.0732052941519
1495709,212.2324123065491
738454,0.0
240187,54.1110797149851
1581676,318.3486169418191
854787,462.34162470604224
99067,64.98634573613407
1020441,132.09760705886922
677407,0.0
741482,0.0
712301,286.2114819608833
680739,0.0
1504858,0.0
426789,114.19029322206416
362697,224.66708097349203
165710,91.90926039824676
609880,166.60135906899825
748445,0.0
394615,174.5347571199029
1419296,305.61467226414635
1186353,0.0
410574,66.8430984714522
573483,133.6861969429044
1396231,203.74311484276424
363040,35.27830197104421
1458558,0.0
1404308,127.33944677672766
1651850,152.80733613207315
280946,0.0
797793,14.677512332853851
1511027,331.0825616194919
508905,245.8871122342705
15807,70.55660394208842
795646,0.0
1248622,203.74311484276424
680588,0.0
211502,183.480929390072
324504,159.3093846902944
834089,0.0
218297,178.24826259053916
1368544,76.40366806603659
679276,124.7588515485782
659393,161.45263172457692
247487,46.41881838295291
497155,101.19302407483733
301843,96.29794868172596
508846,171.6170028215459
997063,0.0
1732184,101.87155742138212
1659600,339.5718590832768
789179,660.4880352943461
1126153,0.0
403665,16.71077461786305
1396640,203.74311484276424
1649553,25.46788935534553
1206979,0.0
966152,0.0
1332288,152.80733613207315
373031,60.34446389783877
710385,73.38756035199745
219132,33.4215492357261
1607629,0.0
894250,396.2928211766076
490329,155.96722976672177
1725279,365.0397484386223
261916,103.97815317781448
625668,0.0
1615473,0.0
667940,0.0
1109912,0.0
113948,167.10774617863046
1662597,0.0
242876,56.15350772383503
20708,44.56206564763479
1559035,0.0
1122381,0.0
135737,28.11654142053148
591645,232.09409191476453
49370,154.11047703140363
469814,185.33768212539016
1120067,0.0
1478739,101.87155742138212
850144,0.0
420940,33.4215492357261
1127469,297.21961588245574
975791,0.0
854648,0.0
801763,0.0
740574,0.0
320222,144.49715983902067
786954,0.0
551901,65.40833499416091
1076285,0.0
157749,21.774645714185183
400,65.91472210379314
612761,144.82671335481308
1465080,0.0
373643,200.19974189856416
1736599,0.0
1014379,58.71004801914359
143493,211.5090540136836
1153249,0.0
996841,110.08133921572434
287882,68.6998512067703
1515987,220.72170825232945
718992,44.03253568628973
1752429,254.6788935534553
1639333,713.1009019496748
316828,229.61842160100704
695237,0.0
383999,186.2057743133311
413865,50.13232385358914
120234,55.702582059543495
894862,0.0
1583606,0.0
1385603,76.40366806603659
1521447,0.0
1283037,33.95718681913038
1442050,229.21100419810975
601768,122.8109309217554
213098,109.54841138376884
90697,40.84856017699856
1444329,0.0
735519,0.0
357254,50.13232385358914
14323,79.840367618679
825958,0.0
217616,0.0
513513,202.38604814967465
1449323,0.0
1585494,0.0
331794,89.12413129526958
554138,139.25645514885872
899287,0.0
240512,46.79016893001653
935043,286.2114819608833
1059220,660.4880352943461
1091507,0.0
1118326,0.0
909797,0.0
1356509,0.0
1142772,0.0
1577131,203.74311484276424
1580405,0.0
1593192,522.0917317845834
1048087,0.0
1588076,0.0
1057363,139.43636388143204
1466401,0.0
85692,83.30067953449912
1425896,0.0
154688,120.68892779567754
1447038,0.0
1301325,398.99693373974816
307684,60.37098893691476
1023413,0.0
1659332,0.0
728512,0.0
428338,120.02580181877823
632047,80.72631586228846
935660,44.03253568628973
594996,100.26464770717828
1535630,0.0
721624,0.0
31074,85.30452566832946
1417849,0.0
1125314,286.2114819608833
1599877,0.0
403973,40.84856017699856
561620,0.0
50501,276.6561575623993
1140084,0.0
374739,46.41881838295291
1560974,16.97859340956519
480722,55.702582059543495
162287,87.26737855995145
1115602,88.06507137257947
1480633,611.2293445282927
662437,220.16267843144868
841217,0.0
1166124,0.0
416835,63.12959322215813
1742387,0.0
1744436,0.0
1073596,143.10574098044165
236676,120.68892779567754
1486533,0.0
1191456,168.79138723486793
657202,286.2114819608833
1293344,305.61467226414635
1433827,246.18959760767495
293767,46.16562482813681
1150963,396.2928211766076
1648113,50.93577871069106
1675881,0.0
18848,0.0
1426879,0.0
177299,67.77147483911125
928336,286.2114819608833
32510,193.1022844730841
367803,104.40014243584136
326825,77.99567171930451
1158409,0.0
53865,143.5004614010144
191363,22.281032823817394
250708,62.201216633156896
1062002,264.19521411773843
1463263,0.0
1467339,0.0
1124754,198.1464105883038
100534,159.680735237358
745613,572.4229639217666
530495,204.2428008849928
769291,0.0
863371,0.0
1282750,662.1651232389838
1560036,0.0
419843,21.166981182626525
1172749,286.2114819608833
626907,0.0
528092,163.3942407079942
1728862,0.0
471815,244.58497395235912
628969,0.0
584512,55.19619494991128
508754,77.98361488336089
9503,72.16016312259043
1552343,0.0
1331106,0.0
1370143,441.4434165046589
46293,50.13232385358914
447923,94.88006477475574
634160,0.0
1416148,288.6360803725857
1687301,0.0
1456291,0.0
21719,32.493172868067035
1628112,0.0
335332,76.12686214804276
1101825,143.10574098044165
1121292,0.0
896876,99.0732052941519
1040685,198.1464105883038
74635,14.854021882544927
149409,72.41335667740654
1287942,89.13761274370935
152568,120.68892779567754
844773,319.2358837256006
607347,129.97269147226814
1281888,0.0
13607,103.7249596229984
1084018,41.83090890197525
522547,167.10774617863046
14665,0.0
97262,131.49185280116475
70116,111.405164119087
670970,469.6803815286051
1745602,280.14678290880084
748631,297.21961588245574
1239336,0.0
886696,0.0
334220,132.094694598346
1440283,50.93577871069106
137974,59.41608753017972
718558,154.1138749020141
475623,161.28992094130038
1028168,44.03253568628973
878843,176.1301427451589
557159,105.83490591313264
1514499,0.0
1629502,305.61467226414635
12753,44.56206564763479
1542546,0.0
909690,209.15454450987627
1270172,0.0
760781,102.74258501770515
1510248,432.9541190408741
699094,396.2928211766076
1083846,0.0
401885,45.91243127332069
1147914,0.0
1512308,0.0
451467,82.62549672165616
965991,0.0
592624,139.25645514885872
1427686,0.0
134013,76.61636968735391
556581,125.92159459521044
303930,38.62045689461682
34653,50.13232385358914
1628126,0.0
960983,0.0
824585,0.0
1643796,0.0
478746,38.99180744168044
410515,55.702582059543495
108132,122.54568053099568
1386653,0.0
464555,170.82125164926669
38135,135.03656256859026
115559,172.67800438458482
592527,97.90150786222796
716130,102.74258370543332
866962,308.2277498040282
379622,16.71077461786305
744078,0.0
1258507,0.0
904271,0.0
1218100,0.0
99027,105.3285188035004
1744609,0.0
201022,38.99180744168044
1208639,253.187080196166
770752,212.82392292115765
215961,142.71676706467883
813889,110.08133921572434
90398,108.48740982072994
893369,0.0
1166355,0.0
1426235,0.0
1246384,76.40366806603659
1371967,0.0
369682,116.4690352154091
680770,484.3578925491872
1231549,0.0
281891,37.135054706362325
615328,37.557043964389166
417246,100.26464770717828
82537,116.97542232504132
1203632,0.0
1609477,0.0
968829,0.0
46733,86.92978715352999
423016,0.0
1495450,33.95718681913038
471171,180.10501532585727
30756,94.18800239159172
546871,55.702582059543495
134285,44.30887209281869
219299,133.6861969429044
1231529,0.0
1416468,135.8287442405125
325222,118.84423189630304
1490493,0.0
545918,100.26464770717828
1147651,0.0
828096,330.24401764717305
102268,113.52716724516485
681472,0.0
1323397,0.0
422067,82.06847090106073
596010,127.86274518213392
1603002,203.74311484276424
281352,42.9705633030764
6353,100.01145415236216
518283,144.48912194839158
107836,109.54841138376884
174616,74.27010941272465
707522,0.0
239651,86.33900219229241
1014977,0.0
1668919,152.80733613207315
324082,127.6095516273178
652340,0.0
469573,126.2591860016319
175166,200.52929541435657
30785,88.87093774045348
1732597,0.0
173528,194.62144580198077
1203733,0.0
292233,31.564796500407976
609356,31.058409390775765
1158158,0.0
450057,108.6200350161098
1445798,356.5504509748374
451593,0.0
1008069,0.0
651032,0.0
1214621,88.06507137257947
1422842,0.0
264678,81.1907332443649
1542168,140.07339145440042
685573,0.0
381144,113.2619168544051
349814,97.04627629929354
1753948,0.0
113796,118.57898150554334
937007,132.09760705886922
711975,14.677512332853851
1334385,0.0
380681,55.702582059543495
759063,0.0
1077437,0.0
965957,176.13014405743078
1656985,0.0
1171187,0.0
453540,58.90970042054751
582575,111.405164119087
1549469,305.61467226414635
1586670,0.0
727229,66.04880352943461
1288993,0.0
763479,0.0
250907,104.24340356857424
248864,57.55933479486159
1050958,110.08133921572434
596477,84.90423871500113
101062,200.52929541435657
1057082,0.0
751970,0.0
1334201,0.0
1626044,356.5504509748374
1695287,0.0
156634,79.840367618679
1752715,0.0
776565,297.21961588245574
535176,118.83217506035946
1615851,152.80733613207315
1658710,186.7645229512036
1602320,0.0
1716188,0.0
1491425,0.0
1607583,280.14678290880084
65757,43.56617099869143
513700,211.6698118262653
61777,33.4215492357261
1196922,440.32535686289737
1062216,0.0
1332809,216.47705952043705
1641678,76.40366806603659
1171511,121.0894731372968
848067,308.2277498040282
1259108,0.0
1025921,315.566506626591
476911,103.97815317781448
1610011,0.0
1082380,155.9485638889428
1423234,152.80733613207315
545065,106.76328228079169
624970,0.0
1709735,0.0
172106,0.0
8488,19.098028134700627
1071976,0.0
349872,174.5347571199029
845748,95.40382819514232
1018629,0.0
619315,242.1789462745936
1369831,174.03057827353078
307649,33.4215492357261
1097835,286.2114819608833
310013,60.742339483978384
1002877,0.0
926760,286.2114819608833
1506975,0.0
1269432,0.0
869377,330.24401764717305
1496159,254.6788935534553
348412,0.0
1635786,0.0
1352002,237.70030166189463
253134,144.82671335481308
813157,132.09760705886922
814054,132.09760705886922
98210,78.77936605564008
1110667,0.0
1128380,146.77511939172308
77089,77.98361488336089
191027,178.24826259053913
1045301,187.1382766667314
1655331,288.6360803725857
1710448,0.0
1483676,0.0
997499,0.0
1293182,50.93577871069106
495901,118.83217506035945
1293607,0.0
30020,103.97815317781448
1360299,127.33944677672766
248675,141.11320788417683
1445752,0.0
1523714,0.0
1657186,0.0
864151,0.0
1265557,280.14678290880084
1719378,0.0
1034854,0.0
789713,0.0
452197,29.708043765089855
403315,77.47722777372867
1699508,0.0
563832,152.2537242960855
982141,242.1789462745936
1657626,0.0
1001367,0.0
1753478,0.0
1275328,0.0
1113499,154.1138749020141
959551,550.4066960786217
430303,184.0837711872533
550170,33.4215492357261
1654867,118.85015083094731
1094191,0.0
939516,0.0
298718,145.62246452709226
770305,0.0
676453,374.2765533334628
761097,0.0
861863,132.09760705886922
1145914,0.0
1722148,203.74311484276424
478850,33.4215492357261
1103341,0.0
945024,0.0
17771,109.91976193083248
884608,0.0
1584978,0.0
1595939,0.0
1359875,0.0
1581175,0.0
90672,159.15023445583853
241071,20.42428008849928
265801,196.81578994372032
477926,185.67527353181163
806698,154.1138749020141
1202978,0.0
334487,109.54841138376884
568670,114.61228248009098
1666095,305.61467226414635
1481036,318.3486169418191
729665,396.2928211766076
573154,144.82671335481308
1132081,528.3904282354769
749241,0.0
394101,133.6861969429044
1000038,0.0
1396746,432.9541190408741
354889,103.97815317781448
1557444,0.0
205086,167.10774617863046
1345176,63.66972338836383
125701,85.22495055110154
1006932,0.0
756403,139.43636388143204
485581,48.275571118271024
1114337,0.0
1527472,42.44648276491072
579313,142.96996061949494
940633,0.0
1116416,154.1138749020141
1195098,0.0
1239316,0.0
229435,170.82125164926669
213234,151.5110232019583
1393965,101.87155742138212
666063,286.2114819608833
252356,174.5347571199029
187202,162.88785359836203
1286561,0.0
1456924,0.0
683581,0.0
940336,0.0
78853,0.0
1719666,203.74311484276424
719626,198.1464105883038
782258,66.04880352943461
619757,132.09760705886922
920974,132.09760705886922
248415,35.27830197104421
1673981,0.0
1463824,0.0
1443148,394.7522850078557
1335304,369.2843956525102
793263,0.0
1309659,356.5504509748374
1608171,432.9541190408741
1499847,0.0
479448,122.54568053099568
137795,111.405164119087
1258449,0.0
831622,249.5177030971564
1435555,127.33944677672766
426733,219.09682276753776
778077,0.0
1011485,0.0
1139471,0.0
246997,51.989076588907245
481642,55.702582059543495
1702404,0.0
645660,44.03253568628973
102290,187.02563915749755
845754,0.0
99560,52.4110658469341
1725290,229.21100419810975
662035,0.0
1017753,132.09760705886922
1238883,0.0
537230,52.91745295656632
951683,0.0
431,120.68892779567754
1644241,0.0
968562,0.0
1014361,249.5177030971564
809668,242.1789462745936
1254324,229.21100419810975
1284358,0.0
63712,83.55387308931522
1560614,80.64831679792903
1539017,89.13761274370935
1268029,458.4220083962196
1478443,152.80733613207315
958171,66.04880352943461
918666,0.0
784998,0.0
1455683,0.0
1577221,0.0
509642,111.405164119087
80921,11.140516411908695
309263,141.11320788417683
1283488,0.0
34274,187.5320262671297
1329934,0.0
913160,264.19521411773843
1223441,275.20334803931087
944812,462.34162470604224
1190073,271.53397094030123
396215,106.9489575543235
1634134,0.0
1530560,25.46788935534553
139407,248.80486653262764
734999,0.0
1396029,0.0
247817,62.3868919066887
141482,133.68619694290436
1099227,469.6803815286051
393806,215.13012374208537
1274863,0.0
1467838,0.0
1312031,0.0
1620744,292.8807275864736
1106122,0.0
1014570,132.09760705886922
251193,96.29794868172596
1570502,152.80733613207315
1506394,0.0
581081,27.851291029771748
1118204,462.34162470604224
370125,77.98361488336089
110647,75.62047503841055
462733,98.40789497186016
1406070,203.74311484276424
180492,73.76372230309244
828391,0.0
441932,5.570258205954349
419576,84.61487465235416
1359168,0.0
1057313,0.0
522613,62.623205891183744
225609,245.09136106199136
1477544,76.40366806603659
770314,0.0
364200,118.30167427883995
1662963,0.0
985390,0.0
1601085,483.8898977515651
408868,0.0
82024,103.7249596229984
1233371,0.0
387858,0.0
1633898,0.0
855473,264.19521411773843
585081,123.89604615668158
246108,144.82671335481308
234895,0.0
196687,142.03274257214392
1483501,0.0
1225973,0.0
238785,61.27284026549784
1121435,0.0
946596,253.187080196166
1007661,0.0
1716663,0.0
884503,0.0
1696807,0.0
1552140,356.5504509748374
427294,148.5402188254493
525672,53.60469260535288
1741096,0.0
1371042,0.0
181914,125.75279889199967
519008,103.04977681015546
1632099,0.0
1471748,458.4220083962196
1637413,38.20183403301829
1452191,0.0
1143365,154.1138749020141
669625,256.8564586074474
622646,161.45263172457692
1162359,308.2277498040282
80890,0.0
1738912,0.0
772007,22.016267843144867
125713,42.70531291231667
1584067,0.0
9385,76.3921125388025
1261376,42.44648276491072
250350,77.98361488336089
468687,233.95084465008264
1291696,0.0
947710,0.0
92576,22.281032823817394
851645,0.0
1652199,0.0
309729,73.73960863120519
103610,178.24826259053916
276490,114.49975201128385
1242754,0.0
107482,120.9541781864373
907781,418.30908901975255
1305387,509.3577871069106
408850,0.0
288631,163.14104715317814
1408988,394.7522850078557
817438,0.0
1144588,66.04880352943461
1705706,50.93577871069106
1252515,0.0
1748629,0.0
357605,98.40789497186016
945610,352.26028549031787
637582,62.37942643042501
98828,48.275571118271024
1276395,216.47705952043705
882305,462.34162470604224
430557,139.25645514885872
227903,163.65949109875396
1648854,0.0
1150536,0.0
1580185,0.0
1349616,0.0
1480798,0.0
583854,37.135054706362325
146958,103.97815317781452
1255362,0.0
806817,0.0
1060708,0.0
389376,200.52929541435657
177755,30.63642013274892
1017582,88.06507137257947
132436,167.28457977247027
932507,0.0
900083,0.0
1240095,203.74311484276424
923333,0.0
948010,198.1464105883038
1090535,0.0
1242143,0.0
1489264,50.93577871069106
543221,111.93566490060644
1715011,0.0
211356,159.17434812772578
582655,77.98361488336089
170748,219.09682276753776
1104434,154.1138749020141
1329599,458.4220083962196
1490890,101.87155742138212
396355,107.18527153881854
561456,186.9131086886904
463540,40.291534356403126
200297,97.4795186042011
1481729,199.49846762887637
354641,113.0207801355326
1711188,483.8898977515651
609432,129.97269147226814
1241184,0.0
1320006,140.07339145440042
731498,594.4392317649115
209706,207.2136052615018
691752,0.0
714793,0.0
658678,0.0
151105,107.69165864845074
1332423,0.0
1666194,0.0
744461,484.3578925491872
185270,189.38877900244785
201000,107.69165864845074
1262161,0.0
1010664,0.0
1052901,286.2114819608833
1082562,0.0
1046717,374.2765533334628
866820,176.1301427451589
1638790,0.0
422568,44.56206564763478
127088,80.76874398633807
163584,87.68936781797831
690581,0.0
842604,0.0
139993,226.5238337088102
1291710,0.0
777783,220.16267843144868
1526073,0.0
1499975,0.0
315741,127.0549371739111
1504890,0.0
92444,126.2591860016319
544369,109.8136617745286
447403,98.40789497186016
408602,44.56206564763479
236782,103.64056177139302
1483022,0.0
37883,163.3942407079942
279845,60.715814444902406
1738746,305.61467226414635
866020,88.06507137257947
1168926,0.0
161406,72.04200613034291
1686632,0.0
1383428,59.42507617447591
202667,101.89151677050464
1131555,176.1301427451589
82956,72.28073148202667
949485,220.16267843144868
245521,83.30067953449914
62109,83.04748597968302
302347,113.2619168544051
936868,88.06507137257947
1141083,0.0
142317,87.26737855995145
933767,154.1138749020141
418439,0.0
1293089,0.0
150907,142.96996061949494
1222642,0.0
1621595,0.0
440968,61.27284026549784
1182868,242.1789462745936
267991,95.8084411424148
177908,206.09955362031093
1432399,178.2752254874187
1040656,0.0
495691,89.30980656880139
1395674,382.018340330183
1380624,0.0
578579,0.0
401908,68.62751019110857
390543,110.66246302495976
1625095,687.6330125943293
1013272,110.08133921572434
1132378,0.0
64358,66.8430984714522
457860,94.69438950122392
1718586,305.61467226414635
1390063,0.0
44653,122.54568053099568
1094353,132.09760705886922
1150898,0.0
1163542,0.0
1070643,154.1138749020141
674250,220.16267843144868
874420,0.0
912132,0.0
1676537,0.0
742709,0.0
767649,231.17081235302112
431046,234.74659582236183
1626152,0.0
795591,0.0
803471,462.34162470604224
1096507,0.0
755666,0.0
297583,40.84856017699856
1046469,220.16267843144868
846673,242.1789462745936
1059126,374.2765533334628
569737,81.69712035399711
679038,308.2277498040282
925895,176.1301427451589
714811,0.0
1697063,0.0
278376,137.3997024135406
1291452,127.33944677672766
1390410,0.0
775336,132.09760705886922
305577,63.12959300081595
507321,59.41608753017972
13716,77.24091378923364
1107095,143.10574098044165
746367,0.0
11765,72.41335667740654
566446,120.68892779567754
990220,198.1464105883038
403255,0.0
527236,152.2537242960855
1033305,0.0
846116,132.09760705886922
809913,99.0732052941519
417078,57.71607366212873
1199977,0.0
485371,77.98361488336089
40146,116.312296348142
407716,0.0
699048,0.0
702841,88.06507137257947
832808,0.0
627657,234.84019076430252
620583,0.0
1751626,0.0
705828,91.7344497838609
477939,227.45221007646924
1633631,0.0
1342443,0.0
1228408,187.1382766667314
777602,407.30095509818005
187844,38.99180744168044
1436022,0.0
181797,178.24826259053916
1277179,0.0
68186,168.96449891394855
1583864,267.4128382311281
612636,51.0607002212482
220223,0.0
354303,81.35952894757564
970031,132.09760705886922
1127000,0.0
1013859,0.0
316712,207.95630635562895
1478054,280.14678290880084
1046104,0.0
1366273,0.0
98770,129.97269147226814
719493,0.0
1729653,466.9113058600044
1353017,186.7645229512036
232167,140.3536272197285
913469,0.0
1294385,0.0
435058,111.15197056427088
736494,0.0
967582,0.0
546877,174.5347571199029
937148,0.0
929547,234.84019076430252
1080740,88.0650726848513
150991,85.15743226981724
703296,253.187080196166
958144,0.0
566926,129.97269147226814
65412,90.05250766292863
681174,0.0
1398580,0.0
1486834,101.87155742138212
1204149,198.1464105883038
966238,99.0732052941519
516181,94.69438950122392
1105997,77.05693745100704
1203269,0.0
485959,161.82685203532307
920831,0.0
1355496,0.0
348734,61.27284026549784
757638,154.1138749020141
59381,64.05796936847501
956208,234.84019076430252
1090906,308.2277498040282
1389782,0.0
1628225,331.0825616194919
1474429,76.40366806603659
51845,55.702582059543495
92691,55.702582059543495
1709670,80.64831679792903
84594,0.0
590951,200.52929541435657
910949,0.0
1614288,713.1009019496748
8697,98.40789497186016
1292143,331.0825616194919
207343,37.135054706362325
549152,131.57625065277014
961536,102.74258370543332
262552,104.24340356857424
192298,89.12413129526958
851746,0.0
447346,68.6998512067703
774756,0.0
1667072,0.0
1292851,101.87155742138212
909127,227.50143525401157
1685504,0.0
1212727,0.0
827523,0.0
555093,24.137785559135512
1709200,0.0
528014,272.689458536947
318431,0.0
1001912,44.03253568628973
1619464,0.0
435193,144.82671335481305
1442189,203.74311484276424
249339,49.01827221239827
1664669,573.0275104952744
1297901,0.0
1214104,220.16267843144868
758644,58.71004801914359
1315794,0.0
703522,183.4688995677218
1244913,0.0
821942,308.2277498040282
1483544,696.1223090461112
1599582,356.5504509748374
921025,0.0
1242406,0.0
383220,57.82458518562132
160727,44.56206564763479
941021,0.0
572616,172.67800438458482
1470205,0.0
1376763,483.8898977515651
1259352,356.5504509748374
1069374,22.016267843144867
662861,113.75071762700576
113895,193.1022844730841
332287,166.86017914725474
364535,50.13232385358914
302667,52.78482776118645
1724916,0.0
1472536,25.46788935534553
433496,93.36813754742526
120957,0.0
1134885,110.08133921572434
848398,396.2928211766076
1052863,0.0
300544,85.67587621539307
409736,44.56206564763479
703096,0.0
12898,68.6998512067703
988647,0.0
1005862,227.50143525401157
1108877,0.0
469214,191.42236533160585
1257572,0.0
1365510,0.0
1004992,0.0
1017776,0.0
966030,0.0
1365697,356.5504509748374
1657079,394.7522850078557
1552437,0.0
1553896,0.0
765518,0.0
593524,140.60682077454462
700513,216.4933013324391
1660814,0.0
89213,51.989076588907245
1679557,101.87155742138212
536580,44.56206564763479
304424,66.33671136181997
1755576,0.0
1423362,0.0
154713,35.27830197104421
1745442,0.0
840910,271.53397094030123
428563,142.96996061949494
639793,0.0
1637992,25.46788935534553
916918,0.0
588337,148.5402188254493
1162544,172.46076564614935
242611,92.17451078900648
1749674,0.0
411955,81.69712035399711
1703345,0.0
731654,0.0
791579,110.08133921572434
1617825,263.16819101724013
1105009,121.0894731372968
557870,57.05294768522939
1747700,101.87155742138212
767945,0.0
1177942,0.0
944051,539.3985621570492
1456867,687.6330125943293
672790,88.06507137257947
1602738,0.0
434561,88.19575492761051
1149466,0.0
1037589,198.1464105883038
114551,284.3484188944315
1282838,76.40366806603659
624005,352.26028549031787
542653,102.1214004424964
495307,129.46630436263592
707655,176.13014405743078
884874,0.0
1411650,0.0
1703288,0.0
964661,0.0
840546,0.0
1586692,483.8898977515651
6567,45.09256642915425
525737,189.38877900244785
1298328,365.0397484386223
249340,0.0
1243453,101.87155742138212
187141,115.11866958972318
840030,0.0
1589466,127.33944677672766
305076,115.11866958972318
1099170,44.03253568628973
262509,122.54568053099568
289854,91.84174211696246
791057,0.0
1265840,0.0
507803,80.6361187909582
1597534,445.6880637185468
1268177,0.0
693549,132.09760705886922
1059103,462.34162470604224
1484911,0.0
1473487,0.0
1595777,152.80733613207315
1013395,0.0
954486,0.0
1162306,0.0
1648292,0.0
1473142,76.40366806603659
1731062,0.0
295298,73.93251800630317
1752369,263.16819101724013
1745467,0.0
865049,506.374160392332
751139,0.0
1728531,0.0
1526029,0.0
1678932,0.0
1329463,0.0
1487284,50.93577871069106
1701830,178.2752254874187
960599,143.10574098044165
651900,132.09760705886922
1676285,0.0
578282,115.38391998048294
1493076,305.61467226414635
396773,136.47132604588154
70149,16.71077461786305
288593,150.3969715607674
718517,0.0
594713,105.83490591313264
382773,48.275571118271024
54010,44.055678538002574
969158,0.0
1026063,44.03253568628973
82332,59.162893975363616
1663745,0.0
485528,61.01964671068173
672286,407.30095509818005
1047020,0.0
463785,133.6861969429044
345400,0.0
258641,144.82671335481308
1203366,0.0
238874,102.1214004424964
390373,98.03654442479656
21631,24.137785559135512
1601671,0.0
11147,204.2428008849928
1223714,0.0
433445,152.25372429608555
997473,264.19521411773843
1115546,286.2114819608833
1610780,356.5504509748374
929628,0.0
1640590,0.0
685385,341.2521515687455
1522006,288.6360803725857
579084,118.83217506035945
241302,0.0
1474703,101.87155742138212
126883,92.651961492374
965688,0.0
515036,45.67611728882566
969961,506.374160392332
1723775,0.0
60355,53.84582932422537
1442357,0.0
1621454,50.93577871069106
422671,0.0
134932,107.69165864845074
246760,0.0
407094,89.12413129526958
1600044,0.0
953713,396.2928211766076
751312,455.0028691957512
121912,11.140516411908695
1165587,0.0
396132,140.60682077454462
628170,33.024401764717304
976905,44.03253568628973
1051763,451.33349078446986
203936,92.8376367659058
608157,45.49044201529384
1136603,198.1464105883038
1259455,178.2752254874187
1031305,0.0
1303211,0.0
1715913,611.2293445282927
977564,25.68564625442629
576573,44.56206564763479
586842,85.41062582463334
967336,0.0
1483058,101.87155742138212
1330145,33.95718681913038
1723757,483.8898977515651
1614879,152.80733613207315
1230113,0.0
1598801,212.2324123065491
1262638,93.38226147560178
1191268,0.0
117294,202.38604814967468
618077,68.6998512067703
1137433,286.2114819608833
1448852,280.14678290880084
382015,0.0
1748849,0.0
1720438,369.2843956525102
954044,143.10574098044165
210142,105.83490591313264
808770,0.0
1419816,220.72170825232945
1099496,396.2928211766076
1671897,101.87155742138212
923376,231.17081235302112
1648832,0.0
1027382,139.43636388143204
760184,341.2521515687455
489842,0.0
1374709,203.74311484276424
493400,142.96996061949494
1493481,0.0
1437158,50.93577871069106
705011,0.0
1567550,0.0
575449,62.3868919066887
403261,38.99180744168044
569867,92.8376367659058
473419,184.7911055626125
1498531,0.0
244819,0.0
165161,127.86274518213392
627030,0.0
893418,352.26028549031787
424872,19.49590372084022
530533,113.008723299589
271286,0.0
52620,189.13558544763177
43101,133.43300338808825
712491,69.71818194071602
873526,66.04880352943461
1111016,117.42009603828718
1709265,0.0
1056629,0.0
1557363,0.0
364986,170.82125164926669
565948,183.31213368686127
630437,110.08133921572434
1244221,127.33944677672766
626156,0.0
1149563,0.0
1290188,0.0
619044,132.09760705886922
543981,89.68115711586503
332573,68.6998512067703
1680964,0.0
780571,154.1138749020141
1161613,0.0
1747156,101.87155742138212
142956,153.60408992177145
26854,194.45265009877
819181,0.0
53001,178.24826259053916
897389,0.0
683609,363.2684194118904
1598972,407.4862296855285
83544,103.97815317781448
824917,0.0
1650840,305.61467226414635
113542,117.26478638768828
157909,0.0
721847,154.1138749020141
90555,135.20535827180103
67900,89.12413129526958
1522555,0.0
1623847,0.0
962685,495.3660264707596
1403068,0.0
821945,220.16267843144868
1455458,191.0091701650915
1100985,154.1138749020141
330489,127.7445881898864
1540196,0.0
208768,0.0
1703586,89.13761274370935
399641,150.66222195152713
889423,0.0
1570817,152.80733613207315
647131,0.0
938854,0.0
1693783,0.0
1402834,0.0
530210,248.8048665326276
197971,129.97269147226817
573707,100.26464770717828
1710755,135.8287442405125
969280,0.0
1163551,0.0
1721048,0.0
1416974,0.0
1579248,292.8807275864736
573258,56.81663370073436
1751646,0.0
